ID,COUNTY,NAME,STNAME,POPESTIMATE2015,CTYNAME,TOT_POP,TOT_MALE,TOT_FEMALE,WHITE,HISPANIC,BLACK,ASIAN,NATIVE,OTHER,1,2,3,4,5,6,7,8,9,10,11,12,13,14,15,16,17,18,00..10,10..15,15..25,25..35,35..50,50..75,75..100,100..150,150..200,200..999,LESS_THAN_HS,HS_DEGREE,SOME_COLLEGE,BS_DEGREE
1301,河北省,石家庄市-1301,中国,11235086,河北省,1412914089,0.5087420439235397,0.4912579560764603,0,0,0,1,0,0,0.031887238828432404,0.052115974759736436,0.06403400865231233,0.06080903762578306,0.05559953263372123,0.05771750429477103,0.06559282529739145,0.0863331018847247,0.07464933064306077,0.06544290464641266,0.0773024813400385,0.08383282460141142,0.07338070503167018,0.04659029272373545,0.047475708907026126,0.029998295246668746,0.015810195519962714,0.011428037363140768,0.02,0.03,0.08,0.15,0.22,0.24,0.15,0.08,0.02,0.01,0.2,0.3,0.3,0.2
1302,河北省,唐山市-1302,中国,3372102,河北省,1412914089,0.5087420439235397,0.4912579560764603,0,0,0,1,0,0,0.031887238828432404,0.052115974759736436,0.06403400865231233,0.06080903762578306,0.05559953263372123,0.05771750429477103,0.06559282529739145,0.0863331018847247,0.07464933064306077,0.06544290464641266,0.0773024813400385,0.08383282460141142,0.07338070503167018,0.04659029272373545,0.047475708907026126,0.029998295246668746,0.015810195519962714,0.011428037363140768,0.02,0.03,0.08,0.15,0.22,0.24,0.15,0.08,0.02,0.01,0.2,0.3,0.3,0.2
1303,河北省,秦皇岛市-1303,中国,759718,河北省,1412914089,0.5087420439235397,0.4912579560764603,0,0,0,1,0,0,0.031887238828432404,0.052115974759736436,0.06403400865231233,0.06080903762578306,0.05559953263372123,0.05771750429477103,0.06559282529739145,0.0863331018847247,0.07464933064306077,0.06544290464641266,0.0773024813400385,0.08383282460141142,0.07338070503167018,0.04659029272373545,0.047475708907026126,0.029998295246668746,0.015810195519962714,0.011428037363140768,0.02,0.03,0.08,0.15,0.22,0.24,0.15,0.08,0.02,0.01,0.2,0.3,0.3,0.2
1304,河北省,邯郸市-1304,中国,1358318,河北省,1412914089,0.5087420439235397,0.4912579560764603,0,0,0,1,0,0,0.031887238828432404,0.052115974759736436,0.06403400865231233,0.06080903762578306,0.05559953263372123,0.05771750429477103,0.06559282529739145,0.0863331018847247,0.07464933064306077,0.06544290464641266,0.0773024813400385,0.08383282460141142,0.07338070503167018,0.04659029272373545,0.047475708907026126,0.029998295246668746,0.015810195519962714,0.011428037363140768,0.02,0.03,0.08,0.15,0.22,0.24,0.15,0.08,0.02,0.01,0.2,0.3,0.3,0.2
1305,河北省,邢台市-1305,中国,798770,河北省,1412914089,0.5087420439235397,0.4912579560764603,0,0,0,1,0,0,0.031887238828432404,0.052115974759736436,0.06403400865231233,0.06080903762578306,0.05559953263372123,0.05771750429477103,0.06559282529739145,0.0863331018847247,0.07464933064306077,0.06544290464641266,0.0773024813400385,0.08383282460141142,0.07338070503167018,0.04659029272373545,0.047475708907026126,0.029998295246668746,0.015810195519962714,0.011428037363140768,0.02,0.03,0.08,0.15,0.22,0.24,0.15,0.08,0.02,0.01,0.2,0.3,0.3,0.2
1306,河北省,保定市-1306,中国,2739887,河北省,1412914089,0.5087420439235397,0.4912579560764603,0,0,0,1,0,0,0.031887238828432404,0.052115974759736436,0.06403400865231233,0.06080903762578306,0.05559953263372123,0.05771750429477103,0.06559282529739145,0.0863331018847247,0.07464933064306077,0.06544290464641266,0.0773024813400385,0.08383282460141142,0.07338070503167018,0.04659029272373545,0.047475708907026126,0.029998295246668746,0.015810195519962714,0.011428037363140768,0.02,0.03,0.08,0.15,0.22,0.24,0.15,0.08,0.02,0.01,0.2,0.3,0.3,0.2
1307,河北省,张家口市-1307,中国,692602,河北省,1412914089,0.5087420439235397,0.4912579560764603,0,0,0,1,0,0,0.031887238828432404,0.052115974759736436,0.06403400865231233,0.06080903762578306,0.05559953263372123,0.05771750429477103,0.06559282529739145,0.0863331018847247,0.07464933064306077,0.06544290464641266,0.0773024813400385,0.08383282460141142,0.07338070503167018,0.04659029272373545,0.047475708907026126,0.029998295246668746,0.015810195519962714,0.011428037363140768,0.02,0.03,0.08,0.15,0.22,0.24,0.15,0.08,0.02,0.01,0.2,0.3,0.3,0.2
1308,河北省,承德市-1308,中国,3473200,河北省,1412914089,0.5087420439235397,0.4912579560764603,0,0,0,1,0,0,0.031887238828432404,0.052115974759736436,0.06403400865231233,0.06080903762578306,0.05559953263372123,0.05771750429477103,0.06559282529739145,0.0863331018847247,0.07464933064306077,0.06544290464641266,0.0773024813400385,0.08383282460141142,0.07338070503167018,0.04659029272373545,0.047475708907026126,0.029998295246668746,0.015810195519962714,0.011428037363140768,0.02,0.03,0.08,0.15,0.22,0.24,0.15,0.08,0.02,0.01,0.2,0.3,0.3,0.2
1309,河北省,沧州市-1309,中国,527681,河北省,1412914089,0.5087420439235397,0.4912579560764603,0,0,0,1,0,0,0.031887238828432404,0.052115974759736436,0.06403400865231233,0.06080903762578306,0.05559953263372123,0.05771750429477103,0.06559282529739145,0.0863331018847247,0.07464933064306077,0.06544290464641266,0.0773024813400385,0.08383282460141142,0.07338070503167018,0.04659029272373545,0.047475708907026126,0.029998295246668746,0.015810195519962714,0.011428037363140768,0.02,0.03,0.08,0.15,0.22,0.24,0.15,0.08,0.02,0.01,0.2,0.3,0.3,0.2
1310,河北省,廊坊市-1310,中国,965075,河北省,1412914089,0.5087420439235397,0.4912579560764603,0,0,0,1,0,0,0.031887238828432404,0.052115974759736436,0.06403400865231233,0.06080903762578306,0.05559953263372123,0.05771750429477103,0.06559282529739145,0.0863331018847247,0.07464933064306077,0.06544290464641266,0.0773024813400385,0.08383282460141142,0.07338070503167018,0.04659029272373545,0.047475708907026126,0.029998295246668746,0.015810195519962714,0.011428037363140768,0.02,0.03,0.08,0.15,0.22,0.24,0.15,0.08,0.02,0.01,0.2,0.3,0.3,0.2
1311,河北省,衡水市-1311,中国,522147,河北省,1412914089,0.5087420439235397,0.4912579560764603,0,0,0,1,0,0,0.031887238828432404,0.052115974759736436,0.06403400865231233,0.06080903762578306,0.05559953263372123,0.05771750429477103,0.06559282529739145,0.0863331018847247,0.07464933064306077,0.06544290464641266,0.0773024813400385,0.08383282460141142,0.07338070503167018,0.04659029272373545,0.047475708907026126,0.029998295246668746,0.015810195519962714,0.011428037363140768,0.02,0.03,0.08,0.15,0.22,0.24,0.15,0.08,0.02,0.01,0.2,0.3,0.3,0.2
1401,山西省,太原市-1401,中国,5305061,山西省,1412914089,0.5087420439235397,0.4912579560764603,0,0,0,1,0,0,0.031887238828432404,0.052115974759736436,0.06403400865231233,0.06080903762578306,0.05559953263372123,0.05771750429477103,0.06559282529739145,0.0863331018847247,0.07464933064306077,0.06544290464641266,0.0773024813400385,0.08383282460141142,0.07338070503167018,0.04659029272373545,0.047475708907026126,0.029998295246668746,0.015810195519962714,0.011428037363140768,0.02,0.03,0.08,0.15,0.22,0.24,0.15,0.08,0.02,0.01,0.2,0.3,0.3,0.2
1402,山西省,大同市-1402,中国,3105591,山西省,1412914089,0.5087420439235397,0.4912579560764603,0,0,0,1,0,0,0.031887238828432404,0.052115974759736436,0.06403400865231233,0.06080903762578306,0.05559953263372123,0.05771750429477103,0.06559282529739145,0.0863331018847247,0.07464933064306077,0.06544290464641266,0.0773024813400385,0.08383282460141142,0.07338070503167018,0.04659029272373545,0.047475708907026126,0.029998295246668746,0.015810195519962714,0.011428037363140768,0.02,0.03,0.08,0.15,0.22,0.24,0.15,0.08,0.02,0.01,0.2,0.3,0.3,0.2
1403,山西省,阳泉市-1403,中国,731228,山西省,1412914089,0.5087420439235397,0.4912579560764603,0,0,0,1,0,0,0.031887238828432404,0.052115974759736436,0.06403400865231233,0.06080903762578306,0.05559953263372123,0.05771750429477103,0.06559282529739145,0.0863331018847247,0.07464933064306077,0.06544290464641266,0.0773024813400385,0.08383282460141142,0.07338070503167018,0.04659029272373545,0.047475708907026126,0.029998295246668746,0.015810195519962714,0.011428037363140768,0.02,0.03,0.08,0.15,0.22,0.24,0.15,0.08,0.02,0.01,0.2,0.3,0.3,0.2
1404,山西省,长治市-1404,中国,1214940,山西省,1412914089,0.5087420439235397,0.4912579560764603,0,0,0,1,0,0,0.031887238828432404,0.052115974759736436,0.06403400865231233,0.06080903762578306,0.05559953263372123,0.05771750429477103,0.06559282529739145,0.0863331018847247,0.07464933064306077,0.06544290464641266,0.0773024813400385,0.08383282460141142,0.07338070503167018,0.04659029272373545,0.047475708907026126,0.029998295246668746,0.015810195519962714,0.011428037363140768,0.02,0.03,0.08,0.15,0.22,0.24,0.15,0.08,0.02,0.01,0.2,0.3,0.3,0.2
1405,山西省,晋城市-1405,中国,476945,山西省,1412914089,0.5087420439235397,0.4912579560764603,0,0,0,1,0,0,0.031887238828432404,0.052115974759736436,0.06403400865231233,0.06080903762578306,0.05559953263372123,0.05771750429477103,0.06559282529739145,0.0863331018847247,0.07464933064306077,0.06544290464641266,0.0773024813400385,0.08383282460141142,0.07338070503167018,0.04659029272373545,0.047475708907026126,0.029998295246668746,0.015810195519962714,0.011428037363140768,0.02,0.03,0.08,0.15,0.22,0.24,0.15,0.08,0.02,0.01,0.2,0.3,0.3,0.2
1406,山西省,朔州市-1406,中国,433700,山西省,1412914089,0.5087420439235397,0.4912579560764603,0,0,0,1,0,0,0.031887238828432404,0.052115974759736436,0.06403400865231233,0.06080903762578306,0.05559953263372123,0.05771750429477103,0.06559282529739145,0.0863331018847247,0.07464933064306077,0.06544290464641266,0.0773024813400385,0.08383282460141142,0.07338070503167018,0.04659029272373545,0.047475708907026126,0.029998295246668746,0.015810195519962714,0.011428037363140768,0.02,0.03,0.08,0.15,0.22,0.24,0.15,0.08,0.02,0.01,0.2,0.3,0.3,0.2
1407,山西省,晋中市-1407,中国,1226617,山西省,1412914089,0.5087420439235397,0.4912579560764603,0,0,0,1,0,0,0.031887238828432404,0.052115974759736436,0.06403400865231233,0.06080903762578306,0.05559953263372123,0.05771750429477103,0.06559282529739145,0.0863331018847247,0.07464933064306077,0.06544290464641266,0.0773024813400385,0.08383282460141142,0.07338070503167018,0.04659029272373545,0.047475708907026126,0.029998295246668746,0.015810195519962714,0.011428037363140768,0.02,0.03,0.08,0.15,0.22,0.24,0.15,0.08,0.02,0.01,0.2,0.3,0.3,0.2
1408,山西省,运城市-1408,中国,699514,山西省,1412914089,0.5087420439235397,0.4912579560764603,0,0,0,1,0,0,0.031887238828432404,0.052115974759736436,0.06403400865231233,0.06080903762578306,0.05559953263372123,0.05771750429477103,0.06559282529739145,0.0863331018847247,0.07464933064306077,0.06544290464641266,0.0773024813400385,0.08383282460141142,0.07338070503167018,0.04659029272373545,0.047475708907026126,0.029998295246668746,0.015810195519962714,0.011428037363140768,0.02,0.03,0.08,0.15,0.22,0.24,0.15,0.08,0.02,0.01,0.2,0.3,0.3,0.2
1409,山西省,忻州市-1409,中国,544683,山西省,1412914089,0.5087420439235397,0.4912579560764603,0,0,0,1,0,0,0.031887238828432404,0.052115974759736436,0.06403400865231233,0.06080903762578306,0.05559953263372123,0.05771750429477103,0.06559282529739145,0.0863331018847247,0.07464933064306077,0.06544290464641266,0.0773024813400385,0.08383282460141142,0.07338070503167018,0.04659029272373545,0.047475708907026126,0.029998295246668746,0.015810195519962714,0.011428037363140768,0.02,0.03,0.08,0.15,0.22,0.24,0.15,0.08,0.02,0.01,0.2,0.3,0.3,0.2
1410,山西省,临汾市-1410,中国,959198,山西省,1412914089,0.5087420439235397,0.4912579560764603,0,0,0,1,0,0,0.031887238828432404,0.052115974759736436,0.06403400865231233,0.06080903762578306,0.05559953263372123,0.05771750429477103,0.06559282529739145,0.0863331018847247,0.07464933064306077,0.06544290464641266,0.0773024813400385,0.08383282460141142,0.07338070503167018,0.04659029272373545,0.047475708907026126,0.029998295246668746,0.015810195519962714,0.011428037363140768,0.02,0.03,0.08,0.15,0.22,0.24,0.15,0.08,0.02,0.01,0.2,0.3,0.3,0.2
1411,山西省,吕梁市-1411,中国,3346500,山西省,1412914089,0.5087420439235397,0.4912579560764603,0,0,0,1,0,0,0.031887238828432404,0.052115974759736436,0.06403400865231233,0.06080903762578306,0.05559953263372123,0.05771750429477103,0.06559282529739145,0.0863331018847247,0.07464933064306077,0.06544290464641266,0.0773024813400385,0.08383282460141142,0.07338070503167018,0.04659029272373545,0.047475708907026126,0.029998295246668746,0.015810195519962714,0.011428037363140768,0.02,0.03,0.08,0.15,0.22,0.24,0.15,0.08,0.02,0.01,0.2,0.3,0.3,0.2
1501,内蒙古自治区,呼和浩特市-1501,中国,3446100,内蒙古自治区,1412914089,0.5087420439235397,0.4912579560764603,0,0,0,1,0,0,0.031887238828432404,0.052115974759736436,0.06403400865231233,0.06080903762578306,0.05559953263372123,0.05771750429477103,0.06559282529739145,0.0863331018847247,0.07464933064306077,0.06544290464641266,0.0773024813400385,0.08383282460141142,0.07338070503167018,0.04659029272373545,0.047475708907026126,0.029998295246668746,0.015810195519962714,0.011428037363140768,0.02,0.03,0.08,0.15,0.22,0.24,0.15,0.08,0.02,0.01,0.2,0.3,0.3,0.2
1502,内蒙古自治区,包头市-1502,中国,2761700,内蒙古自治区,1412914089,0.5087420439235397,0.4912579560764603,0,0,0,1,0,0,0.031887238828432404,0.052115974759736436,0.06403400865231233,0.06080903762578306,0.05559953263372123,0.05771750429477103,0.06559282529739145,0.0863331018847247,0.07464933064306077,0.06544290464641266,0.0773024813400385,0.08383282460141142,0.07338070503167018,0.04659029272373545,0.047475708907026126,0.029998295246668746,0.015810195519962714,0.011428037363140768,0.02,0.03,0.08,0.15,0.22,0.24,0.15,0.08,0.02,0.01,0.2,0.3,0.3,0.2
1503,内蒙古自治区,乌海市-1503,中国,218427,内蒙古自治区,1412914089,0.5087420439235397,0.4912579560764603,0,0,0,1,0,0,0.031887238828432404,0.052115974759736436,0.06403400865231233,0.06080903762578306,0.05559953263372123,0.05771750429477103,0.06559282529739145,0.0863331018847247,0.07464933064306077,0.06544290464641266,0.0773024813400385,0.08383282460141142,0.07338070503167018,0.04659029272373545,0.047475708907026126,0.029998295246668746,0.015810195519962714,0.011428037363140768,0.02,0.03,0.08,0.15,0.22,0.24,0.15,0.08,0.02,0.01,0.2,0.3,0.3,0.2
1504,内蒙古自治区,赤峰市-1504,中国,346654,内蒙古自治区,1412914089,0.5087420439235397,0.4912579560764603,0,0,0,1,0,0,0.031887238828432404,0.052115974759736436,0.06403400865231233,0.06080903762578306,0.05559953263372123,0.05771750429477103,0.06559282529739145,0.0863331018847247,0.07464933064306077,0.06544290464641266,0.0773024813400385,0.08383282460141142,0.07338070503167018,0.04659029272373545,0.047475708907026126,0.029998295246668746,0.015810195519962714,0.011428037363140768,0.02,0.03,0.08,0.15,0.22,0.24,0.15,0.08,0.02,0.01,0.2,0.3,0.3,0.2
1505,内蒙古自治区,通辽市-1505,中国,261110,内蒙古自治区,1412914089,0.5087420439235397,0.4912579560764603,0,0,0,1,0,0,0.031887238828432404,0.052115974759736436,0.06403400865231233,0.06080903762578306,0.05559953263372123,0.05771750429477103,0.06559282529739145,0.0863331018847247,0.07464933064306077,0.06544290464641266,0.0773024813400385,0.08383282460141142,0.07338070503167018,0.04659029272373545,0.047475708907026126,0.029998295246668746,0.015810195519962714,0.011428037363140768,0.02,0.03,0.08,0.15,0.22,0.24,0.15,0.08,0.02,0.01,0.2,0.3,0.3,0.2
1506,内蒙古自治区,鄂尔多斯市-1506,中国,2153638,内蒙古自治区,1412914089,0.5087420439235397,0.4912579560764603,0,0,0,1,0,0,0.031887238828432404,0.052115974759736436,0.06403400865231233,0.06080903762578306,0.05559953263372123,0.05771750429477103,0.06559282529739145,0.0863331018847247,0.07464933064306077,0.06544290464641266,0.0773024813400385,0.08383282460141142,0.07338070503167018,0.04659029272373545,0.047475708907026126,0.029998295246668746,0.015810195519962714,0.011428037363140768,0.02,0.03,0.08,0.15,0.22,0.24,0.15,0.08,0.02,0.01,0.2,0.3,0.3,0.2
1507,内蒙古自治区,呼伦贝尔市-1507,中国,349400,内蒙古自治区,1412914089,0.5087420439235397,0.4912579560764603,0,0,0,1,0,0,0.031887238828432404,0.052115974759736436,0.06403400865231233,0.06080903762578306,0.05559953263372123,0.05771750429477103,0.06559282529739145,0.0863331018847247,0.07464933064306077,0.06544290464641266,0.0773024813400385,0.08383282460141142,0.07338070503167018,0.04659029272373545,0.047475708907026126,0.029998295246668746,0.015810195519962714,0.011428037363140768,0.02,0.03,0.08,0.15,0.22,0.24,0.15,0.08,0.02,0.01,0.2,0.3,0.3,0.2
1508,内蒙古自治区,巴彦淖尔市-1508,中国,1760000,内蒙古自治区,1412914089,0.5087420439235397,0.4912579560764603,0,0,0,1,0,0,0.031887238828432404,0.052115974759736436,0.06403400865231233,0.06080903762578306,0.05559953263372123,0.05771750429477103,0.06559282529739145,0.0863331018847247,0.07464933064306077,0.06544290464641266,0.0773024813400385,0.08383282460141142,0.07338070503167018,0.04659029272373545,0.047475708907026126,0.029998295246668746,0.015810195519962714,0.011428037363140768,0.02,0.03,0.08,0.15,0.22,0.24,0.15,0.08,0.02,0.01,0.2,0.3,0.3,0.2
1509,内蒙古自治区,乌兰察布市-1509,中国,550231,内蒙古自治区,1412914089,0.5087420439235397,0.4912579560764603,0,0,0,1,0,0,0.031887238828432404,0.052115974759736436,0.06403400865231233,0.06080903762578306,0.05559953263372123,0.05771750429477103,0.06559282529739145,0.0863331018847247,0.07464933064306077,0.06544290464641266,0.0773024813400385,0.08383282460141142,0.07338070503167018,0.04659029272373545,0.047475708907026126,0.029998295246668746,0.015810195519962714,0.011428037363140768,0.02,0.03,0.08,0.15,0.22,0.24,0.15,0.08,0.02,0.01,0.2,0.3,0.3,0.2
1522,内蒙古自治区,兴安盟-1522,中国,356035,内蒙古自治区,1412914089,0.5087420439235397,0.4912579560764603,0,0,0,1,0,0,0.031887238828432404,0.052115974759736436,0.06403400865231233,0.06080903762578306,0.05559953263372123,0.05771750429477103,0.06559282529739145,0.0863331018847247,0.07464933064306077,0.06544290464641266,0.0773024813400385,0.08383282460141142,0.07338070503167018,0.04659029272373545,0.047475708907026126,0.029998295246668746,0.015810195519962714,0.011428037363140768,0.02,0.03,0.08,0.15,0.22,0.24,0.15,0.08,0.02,0.01,0.2,0.3,0.3,0.2
1525,内蒙古自治区,锡林郭勒盟-1525,中国,349953,内蒙古自治区,1412914089,0.5087420439235397,0.4912579560764603,0,0,0,1,0,0,0.031887238828432404,0.052115974759736436,0.06403400865231233,0.06080903762578306,0.05559953263372123,0.05771750429477103,0.06559282529739145,0.0863331018847247,0.07464933064306077,0.06544290464641266,0.0773024813400385,0.08383282460141142,0.07338070503167018,0.04659029272373545,0.047475708907026126,0.029998295246668746,0.015810195519962714,0.011428037363140768,0.02,0.03,0.08,0.15,0.22,0.24,0.15,0.08,0.02,0.01,0.2,0.3,0.3,0.2
1529,内蒙古自治区,阿拉善盟-1529,中国,94445,内蒙古自治区,1412914089,0.5087420439235397,0.4912579560764603,0,0,0,1,0,0,0.031887238828432404,0.052115974759736436,0.06403400865231233,0.06080903762578306,0.05559953263372123,0.05771750429477103,0.06559282529739145,0.0863331018847247,0.07464933064306077,0.06544290464641266,0.0773024813400385,0.08383282460141142,0.07338070503167018,0.04659029272373545,0.047475708907026126,0.029998295246668746,0.015810195519962714,0.011428037363140768,0.02,0.03,0.08,0.15,0.22,0.24,0.15,0.08,0.02,0.01,0.2,0.3,0.3,0.2
2101,辽宁省,沈阳市-2101,中国,9070093,辽宁省,1412914089,0.5087420439235397,0.4912579560764603,0,0,0,1,0,0,0.031887238828432404,0.052115974759736436,0.06403400865231233,0.06080903762578306,0.05559953263372123,0.05771750429477103,0.06559282529739145,0.0863331018847247,0.07464933064306077,0.06544290464641266,0.0773024813400385,0.08383282460141142,0.07338070503167018,0.04659029272373545,0.047475708907026126,0.029998295246668746,0.015810195519962714,0.011428037363140768,0.02,0.03,0.08,0.15,0.22,0.24,0.15,0.08,0.02,0.01,0.2,0.3,0.3,0.2
2102,辽宁省,大连市-2102,中国,7450785,辽宁省,1412914089,0.5087420439235397,0.4912579560764603,0,0,0,1,0,0,0.031887238828432404,0.052115974759736436,0.06403400865231233,0.06080903762578306,0.05559953263372123,0.05771750429477103,0.06559282529739145,0.0863331018847247,0.07464933064306077,0.06544290464641266,0.0773024813400385,0.08383282460141142,0.07338070503167018,0.04659029272373545,0.047475708907026126,0.029998295246668746,0.015810195519962714,0.011428037363140768,0.02,0.03,0.08,0.15,0.22,0.24,0.15,0.08,0.02,0.01,0.2,0.3,0.3,0.2
2103,辽宁省,鞍山市-2103,中国,3325372,辽宁省,1412914089,0.5087420439235397,0.4912579560764603,0,0,0,1,0,0,0.031887238828432404,0.052115974759736436,0.06403400865231233,0.06080903762578306,0.05559953263372123,0.05771750429477103,0.06559282529739145,0.0863331018847247,0.07464933064306077,0.06544290464641266,0.0773024813400385,0.08383282460141142,0.07338070503167018,0.04659029272373545,0.047475708907026126,0.029998295246668746,0.015810195519962714,0.011428037363140768,0.02,0.03,0.08,0.15,0.22,0.24,0.15,0.08,0.02,0.01,0.2,0.3,0.3,0.2
2104,辽宁省,抚顺市-2104,中国,1400646,辽宁省,1412914089,0.5087420439235397,0.4912579560764603,0,0,0,1,0,0,0.031887238828432404,0.052115974759736436,0.06403400865231233,0.06080903762578306,0.05559953263372123,0.05771750429477103,0.06559282529739145,0.0863331018847247,0.07464933064306077,0.06544290464641266,0.0773024813400385,0.08383282460141142,0.07338070503167018,0.04659029272373545,0.047475708907026126,0.029998295246668746,0.015810195519962714,0.011428037363140768,0.02,0.03,0.08,0.15,0.22,0.24,0.15,0.08,0.02,0.01,0.2,0.3,0.3,0.2
2105,辽宁省,本溪市-2105,中国,1326018,辽宁省,1412914089,0.5087420439235397,0.4912579560764603,0,0,0,1,0,0,0.031887238828432404,0.052115974759736436,0.06403400865231233,0.06080903762578306,0.05559953263372123,0.05771750429477103,0.06559282529739145,0.0863331018847247,0.07464933064306077,0.06544290464641266,0.0773024813400385,0.08383282460141142,0.07338070503167018,0.04659029272373545,0.047475708907026126,0.029998295246668746,0.015810195519962714,0.011428037363140768,0.02,0.03,0.08,0.15,0.22,0.24,0.15,0.08,0.02,0.01,0.2,0.3,0.3,0.2
2106,辽宁省,丹东市-2106,中国,2188436,辽宁省,1412914089,0.5087420439235397,0.4912579560764603,0,0,0,1,0,0,0.031887238828432404,0.052115974759736436,0.06403400865231233,0.06080903762578306,0.05559953263372123,0.05771750429477103,0.06559282529739145,0.0863331018847247,0.07464933064306077,0.06544290464641266,0.0773024813400385,0.08383282460141142,0.07338070503167018,0.04659029272373545,0.047475708907026126,0.029998295246668746,0.015810195519962714,0.011428037363140768,0.02,0.03,0.08,0.15,0.22,0.24,0.15,0.08,0.02,0.01,0.2,0.3,0.3,0.2
2107,辽宁省,锦州市-2107,中国,2703853,辽宁省,1412914089,0.5087420439235397,0.4912579560764603,0,0,0,1,0,0,0.031887238828432404,0.052115974759736436,0.06403400865231233,0.06080903762578306,0.05559953263372123,0.05771750429477103,0.06559282529739145,0.0863331018847247,0.07464933064306077,0.06544290464641266,0.0773024813400385,0.08383282460141142,0.07338070503167018,0.04659029272373545,0.047475708907026126,0.029998295246668746,0.015810195519962714,0.011428037363140768,0.02,0.03,0.08,0.15,0.22,0.24,0.15,0.08,0.02,0.01,0.2,0.3,0.3,0.2
2108,辽宁省,营口市-2108,中国,591159,辽宁省,1412914089,0.5087420439235397,0.4912579560764603,0,0,0,1,0,0,0.031887238828432404,0.052115974759736436,0.06403400865231233,0.06080903762578306,0.05559953263372123,0.05771750429477103,0.06559282529739145,0.0863331018847247,0.07464933064306077,0.06544290464641266,0.0773024813400385,0.08383282460141142,0.07338070503167018,0.04659029272373545,0.047475708907026126,0.029998295246668746,0.015810195519962714,0.011428037363140768,0.02,0.03,0.08,0.15,0.22,0.24,0.15,0.08,0.02,0.01,0.2,0.3,0.3,0.2
2109,辽宁省,阜新市-2109,中国,689050,辽宁省,1412914089,0.5087420439235397,0.4912579560764603,0,0,0,1,0,0,0.031887238828432404,0.052115974759736436,0.06403400865231233,0.06080903762578306,0.05559953263372123,0.05771750429477103,0.06559282529739145,0.0863331018847247,0.07464933064306077,0.06544290464641266,0.0773024813400385,0.08383282460141142,0.07338070503167018,0.04659029272373545,0.047475708907026126,0.029998295246668746,0.015810195519962714,0.011428037363140768,0.02,0.03,0.08,0.15,0.22,0.24,0.15,0.08,0.02,0.01,0.2,0.3,0.3,0.2
2110,辽宁省,辽阳市-2110,中国,687890,辽宁省,1412914089,0.5087420439235397,0.4912579560764603,0,0,0,1,0,0,0.031887238828432404,0.052115974759736436,0.06403400865231233,0.06080903762578306,0.05559953263372123,0.05771750429477103,0.06559282529739145,0.0863331018847247,0.07464933064306077,0.06544290464641266,0.0773024813400385,0.08383282460141142,0.07338070503167018,0.04659029272373545,0.047475708907026126,0.029998295246668746,0.015810195519962714,0.011428037363140768,0.02,0.03,0.08,0.15,0.22,0.24,0.15,0.08,0.02,0.01,0.2,0.3,0.3,0.2
2111,辽宁省,盘锦市-2111,中国,1166481,辽宁省,1412914089,0.5087420439235397,0.4912579560764603,0,0,0,1,0,0,0.031887238828432404,0.052115974759736436,0.06403400865231233,0.06080903762578306,0.05559953263372123,0.05771750429477103,0.06559282529739145,0.0863331018847247,0.07464933064306077,0.06544290464641266,0.0773024813400385,0.08383282460141142,0.07338070503167018,0.04659029272373545,0.047475708907026126,0.029998295246668746,0.015810195519962714,0.011428037363140768,0.02,0.03,0.08,0.15,0.22,0.24,0.15,0.08,0.02,0.01,0.2,0.3,0.3,0.2
2112,辽宁省,铁岭市-2112,中国,2388294,辽宁省,1412914089,0.5087420439235397,0.4912579560764603,0,0,0,1,0,0,0.031887238828432404,0.052115974759736436,0.06403400865231233,0.06080903762578306,0.05559953263372123,0.05771750429477103,0.06559282529739145,0.0863331018847247,0.07464933064306077,0.06544290464641266,0.0773024813400385,0.08383282460141142,0.07338070503167018,0.04659029272373545,0.047475708907026126,0.029998295246668746,0.015810195519962714,0.011428037363140768,0.02,0.03,0.08,0.15,0.22,0.24,0.15,0.08,0.02,0.01,0.2,0.3,0.3,0.2
2113,辽宁省,朝阳市-2113,中国,646000,辽宁省,1412914089,0.5087420439235397,0.4912579560764603,0,0,0,1,0,0,0.031887238828432404,0.052115974759736436,0.06403400865231233,0.06080903762578306,0.05559953263372123,0.05771750429477103,0.06559282529739145,0.0863331018847247,0.07464933064306077,0.06544290464641266,0.0773024813400385,0.08383282460141142,0.07338070503167018,0.04659029272373545,0.047475708907026126,0.029998295246668746,0.015810195519962714,0.011428037363140768,0.02,0.03,0.08,0.15,0.22,0.24,0.15,0.08,0.02,0.01,0.2,0.3,0.3,0.2
2114,辽宁省,葫芦岛市-2114,中国,944495,辽宁省,1412914089,0.5087420439235397,0.4912579560764603,0,0,0,1,0,0,0.031887238828432404,0.052115974759736436,0.06403400865231233,0.06080903762578306,0.05559953263372123,0.05771750429477103,0.06559282529739145,0.0863331018847247,0.07464933064306077,0.06544290464641266,0.0773024813400385,0.08383282460141142,0.07338070503167018,0.04659029272373545,0.047475708907026126,0.029998295246668746,0.015810195519962714,0.011428037363140768,0.02,0.03,0.08,0.15,0.22,0.24,0.15,0.08,0.02,0.01,0.2,0.3,0.3,0.2
2201,吉林省,长春市-2201,中国,9066906,吉林省,1412914089,0.5087420439235397,0.4912579560764603,0,0,0,1,0,0,0.031887238828432404,0.052115974759736436,0.06403400865231233,0.06080903762578306,0.05559953263372123,0.05771750429477103,0.06559282529739145,0.0863331018847247,0.07464933064306077,0.06544290464641266,0.0773024813400385,0.08383282460141142,0.07338070503167018,0.04659029272373545,0.047475708907026126,0.029998295246668746,0.015810195519962714,0.011428037363140768,0.02,0.03,0.08,0.15,0.22,0.24,0.15,0.08,0.02,0.01,0.2,0.3,0.3,0.2
2202,吉林省,吉林市-2202,中国,1895865,吉林省,1412914089,0.5087420439235397,0.4912579560764603,0,0,0,1,0,0,0.031887238828432404,0.052115974759736436,0.06403400865231233,0.06080903762578306,0.05559953263372123,0.05771750429477103,0.06559282529739145,0.0863331018847247,0.07464933064306077,0.06544290464641266,0.0773024813400385,0.08383282460141142,0.07338070503167018,0.04659029272373545,0.047475708907026126,0.029998295246668746,0.015810195519962714,0.011428037363140768,0.02,0.03,0.08,0.15,0.22,0.24,0.15,0.08,0.02,0.01,0.2,0.3,0.3,0.2
2203,吉林省,四平市-2203,中国,1814733,吉林省,1412914089,0.5087420439235397,0.4912579560764603,0,0,0,1,0,0,0.031887238828432404,0.052115974759736436,0.06403400865231233,0.06080903762578306,0.05559953263372123,0.05771750429477103,0.06559282529739145,0.0863331018847247,0.07464933064306077,0.06544290464641266,0.0773024813400385,0.08383282460141142,0.07338070503167018,0.04659029272373545,0.047475708907026126,0.029998295246668746,0.015810195519962714,0.011428037363140768,0.02,0.03,0.08,0.15,0.22,0.24,0.15,0.08,0.02,0.01,0.2,0.3,0.3,0.2
2204,吉林省,辽源市-2204,中国,465249,吉林省,1412914089,0.5087420439235397,0.4912579560764603,0,0,0,1,0,0,0.031887238828432404,0.052115974759736436,0.06403400865231233,0.06080903762578306,0.05559953263372123,0.05771750429477103,0.06559282529739145,0.0863331018847247,0.07464933064306077,0.06544290464641266,0.0773024813400385,0.08383282460141142,0.07338070503167018,0.04659029272373545,0.047475708907026126,0.029998295246668746,0.015810195519962714,0.011428037363140768,0.02,0.03,0.08,0.15,0.22,0.24,0.15,0.08,0.02,0.01,0.2,0.3,0.3,0.2
2205,吉林省,通化市-2205,中国,510000,吉林省,1412914089,0.5087420439235397,0.4912579560764603,0,0,0,1,0,0,0.031887238828432404,0.052115974759736436,0.06403400865231233,0.06080903762578306,0.05559953263372123,0.05771750429477103,0.06559282529739145,0.0863331018847247,0.07464933064306077,0.06544290464641266,0.0773024813400385,0.08383282460141142,0.07338070503167018,0.04659029272373545,0.047475708907026126,0.029998295246668746,0.015810195519962714,0.011428037363140768,0.02,0.03,0.08,0.15,0.22,0.24,0.15,0.08,0.02,0.01,0.2,0.3,0.3,0.2
2206,吉林省,白山市-2206,中国,183880,吉林省,1412914089,0.5087420439235397,0.4912579560764603,0,0,0,1,0,0,0.031887238828432404,0.052115974759736436,0.06403400865231233,0.06080903762578306,0.05559953263372123,0.05771750429477103,0.06559282529739145,0.0863331018847247,0.07464933064306077,0.06544290464641266,0.0773024813400385,0.08383282460141142,0.07338070503167018,0.04659029272373545,0.047475708907026126,0.029998295246668746,0.015810195519962714,0.011428037363140768,0.02,0.03,0.08,0.15,0.22,0.24,0.15,0.08,0.02,0.01,0.2,0.3,0.3,0.2
2207,吉林省,松原市-2207,中国,138704,吉林省,1412914089,0.5087420439235397,0.4912579560764603,0,0,0,1,0,0,0.031887238828432404,0.052115974759736436,0.06403400865231233,0.06080903762578306,0.05559953263372123,0.05771750429477103,0.06559282529739145,0.0863331018847247,0.07464933064306077,0.06544290464641266,0.0773024813400385,0.08383282460141142,0.07338070503167018,0.04659029272373545,0.047475708907026126,0.029998295246668746,0.015810195519962714,0.011428037363140768,0.02,0.03,0.08,0.15,0.22,0.24,0.15,0.08,0.02,0.01,0.2,0.3,0.3,0.2
2208,吉林省,白城市-2208,中国,316970,吉林省,1412914089,0.5087420439235397,0.4912579560764603,0,0,0,1,0,0,0.031887238828432404,0.052115974759736436,0.06403400865231233,0.06080903762578306,0.05559953263372123,0.05771750429477103,0.06559282529739145,0.0863331018847247,0.07464933064306077,0.06544290464641266,0.0773024813400385,0.08383282460141142,0.07338070503167018,0.04659029272373545,0.047475708907026126,0.029998295246668746,0.015810195519962714,0.011428037363140768,0.02,0.03,0.08,0.15,0.22,0.24,0.15,0.08,0.02,0.01,0.2,0.3,0.3,0.2
2224,吉林省,延边朝鲜族自治州-2224,中国,326957,吉林省,1412914089,0.5087420439235397,0.4912579560764603,0,0,0,1,0,0,0.031887238828432404,0.052115974759736436,0.06403400865231233,0.06080903762578306,0.05559953263372123,0.05771750429477103,0.06559282529739145,0.0863331018847247,0.07464933064306077,0.06544290464641266,0.0773024813400385,0.08383282460141142,0.07338070503167018,0.04659029272373545,0.047475708907026126,0.029998295246668746,0.015810195519962714,0.011428037363140768,0.02,0.03,0.08,0.15,0.22,0.24,0.15,0.08,0.02,0.01,0.2,0.3,0.3,0.2
2301,黑龙江省,哈尔滨市-2301,中国,10009854,黑龙江省,1412914089,0.5087420439235397,0.4912579560764603,0,0,0,1,0,0,0.031887238828432404,0.052115974759736436,0.06403400865231233,0.06080903762578306,0.05559953263372123,0.05771750429477103,0.06559282529739145,0.0863331018847247,0.07464933064306077,0.06544290464641266,0.0773024813400385,0.08383282460141142,0.07338070503167018,0.04659029272373545,0.047475708907026126,0.029998295246668746,0.015810195519962714,0.011428037363140768,0.02,0.03,0.08,0.15,0.22,0.24,0.15,0.08,0.02,0.01,0.2,0.3,0.3,0.2
2302,黑龙江省,齐齐哈尔市-2302,中国,882364,黑龙江省,1412914089,0.5087420439235397,0.4912579560764603,0,0,0,1,0,0,0.031887238828432404,0.052115974759736436,0.06403400865231233,0.06080903762578306,0.05559953263372123,0.05771750429477103,0.06559282529739145,0.0863331018847247,0.07464933064306077,0.06544290464641266,0.0773024813400385,0.08383282460141142,0.07338070503167018,0.04659029272373545,0.047475708907026126,0.029998295246668746,0.015810195519962714,0.011428037363140768,0.02,0.03,0.08,0.15,0.22,0.24,0.15,0.08,0.02,0.01,0.2,0.3,0.3,0.2
2304,黑龙江省,鹤岗市-2304,中国,743307,黑龙江省,1412914089,0.5087420439235397,0.4912579560764603,0,0,0,1,0,0,0.031887238828432404,0.052115974759736436,0.06403400865231233,0.06080903762578306,0.05559953263372123,0.05771750429477103,0.06559282529739145,0.0863331018847247,0.07464933064306077,0.06544290464641266,0.0773024813400385,0.08383282460141142,0.07338070503167018,0.04659029272373545,0.047475708907026126,0.029998295246668746,0.015810195519962714,0.011428037363140768,0.02,0.03,0.08,0.15,0.22,0.24,0.15,0.08,0.02,0.01,0.2,0.3,0.3,0.2
2305,黑龙江省,双鸭山市-2305,中国,600000,黑龙江省,1412914089,0.5087420439235397,0.4912579560764603,0,0,0,1,0,0,0.031887238828432404,0.052115974759736436,0.06403400865231233,0.06080903762578306,0.05559953263372123,0.05771750429477103,0.06559282529739145,0.0863331018847247,0.07464933064306077,0.06544290464641266,0.0773024813400385,0.08383282460141142,0.07338070503167018,0.04659029272373545,0.047475708907026126,0.029998295246668746,0.015810195519962714,0.011428037363140768,0.02,0.03,0.08,0.15,0.22,0.24,0.15,0.08,0.02,0.01,0.2,0.3,0.3,0.2
2306,黑龙江省,大庆市-2306,中国,1604027,黑龙江省,1412914089,0.5087420439235397,0.4912579560764603,0,0,0,1,0,0,0.031887238828432404,0.052115974759736436,0.06403400865231233,0.06080903762578306,0.05559953263372123,0.05771750429477103,0.06559282529739145,0.0863331018847247,0.07464933064306077,0.06544290464641266,0.0773024813400385,0.08383282460141142,0.07338070503167018,0.04659029272373545,0.047475708907026126,0.029998295246668746,0.015810195519962714,0.011428037363140768,0.02,0.03,0.08,0.15,0.22,0.24,0.15,0.08,0.02,0.01,0.2,0.3,0.3,0.2
2307,黑龙江省,伊春市-2307,中国,155762,黑龙江省,1412914089,0.5087420439235397,0.4912579560764603,0,0,0,1,0,0,0.031887238828432404,0.052115974759736436,0.06403400865231233,0.06080903762578306,0.05559953263372123,0.05771750429477103,0.06559282529739145,0.0863331018847247,0.07464933064306077,0.06544290464641266,0.0773024813400385,0.08383282460141142,0.07338070503167018,0.04659029272373545,0.047475708907026126,0.029998295246668746,0.015810195519962714,0.011428037363140768,0.02,0.03,0.08,0.15,0.22,0.24,0.15,0.08,0.02,0.01,0.2,0.3,0.3,0.2
2308,黑龙江省,佳木斯市-2308,中国,549549,黑龙江省,1412914089,0.5087420439235397,0.4912579560764603,0,0,0,1,0,0,0.031887238828432404,0.052115974759736436,0.06403400865231233,0.06080903762578306,0.05559953263372123,0.05771750429477103,0.06559282529739145,0.0863331018847247,0.07464933064306077,0.06544290464641266,0.0773024813400385,0.08383282460141142,0.07338070503167018,0.04659029272373545,0.047475708907026126,0.029998295246668746,0.015810195519962714,0.011428037363140768,0.02,0.03,0.08,0.15,0.22,0.24,0.15,0.08,0.02,0.01,0.2,0.3,0.3,0.2
2309,黑龙江省,七台河市-2309,中国,345033,黑龙江省,1412914089,0.5087420439235397,0.4912579560764603,0,0,0,1,0,0,0.031887238828432404,0.052115974759736436,0.06403400865231233,0.06080903762578306,0.05559953263372123,0.05771750429477103,0.06559282529739145,0.0863331018847247,0.07464933064306077,0.06544290464641266,0.0773024813400385,0.08383282460141142,0.07338070503167018,0.04659029272373545,0.047475708907026126,0.029998295246668746,0.015810195519962714,0.011428037363140768,0.02,0.03,0.08,0.15,0.22,0.24,0.15,0.08,0.02,0.01,0.2,0.3,0.3,0.2
2310,黑龙江省,牡丹江市-2310,中国,665915,黑龙江省,1412914089,0.5087420439235397,0.4912579560764603,0,0,0,1,0,0,0.031887238828432404,0.052115974759736436,0.06403400865231233,0.06080903762578306,0.05559953263372123,0.05771750429477103,0.06559282529739145,0.0863331018847247,0.07464933064306077,0.06544290464641266,0.0773024813400385,0.08383282460141142,0.07338070503167018,0.04659029272373545,0.047475708907026126,0.029998295246668746,0.015810195519962714,0.011428037363140768,0.02,0.03,0.08,0.15,0.22,0.24,0.15,0.08,0.02,0.01,0.2,0.3,0.3,0.2
2311,黑龙江省,黑河市-2311,中国,436444,黑龙江省,1412914089,0.5087420439235397,0.4912579560764603,0,0,0,1,0,0,0.031887238828432404,0.052115974759736436,0.06403400865231233,0.06080903762578306,0.05559953263372123,0.05771750429477103,0.06559282529739145,0.0863331018847247,0.07464933064306077,0.06544290464641266,0.0773024813400385,0.08383282460141142,0.07338070503167018,0.04659029272373545,0.047475708907026126,0.029998295246668746,0.015810195519962714,0.011428037363140768,0.02,0.03,0.08,0.15,0.22,0.24,0.15,0.08,0.02,0.01,0.2,0.3,0.3,0.2
2312,黑龙江省,绥化市-2312,中国,252245,黑龙江省,1412914089,0.5087420439235397,0.4912579560764603,0,0,0,1,0,0,0.031887238828432404,0.052115974759736436,0.06403400865231233,0.06080903762578306,0.05559953263372123,0.05771750429477103,0.06559282529739145,0.0863331018847247,0.07464933064306077,0.06544290464641266,0.0773024813400385,0.08383282460141142,0.07338070503167018,0.04659029272373545,0.047475708907026126,0.029998295246668746,0.015810195519962714,0.011428037363140768,0.02,0.03,0.08,0.15,0.22,0.24,0.15,0.08,0.02,0.01,0.2,0.3,0.3,0.2
2327,黑龙江省,大兴安岭地区-2327,中国,60874,黑龙江省,1412914089,0.5087420439235397,0.4912579560764603,0,0,0,1,0,0,0.031887238828432404,0.052115974759736436,0.06403400865231233,0.06080903762578306,0.05559953263372123,0.05771750429477103,0.06559282529739145,0.0863331018847247,0.07464933064306077,0.06544290464641266,0.0773024813400385,0.08383282460141142,0.07338070503167018,0.04659029272373545,0.047475708907026126,0.029998295246668746,0.015810195519962714,0.011428037363140768,0.02,0.03,0.08,0.15,0.22,0.24,0.15,0.08,0.02,0.01,0.2,0.3,0.3,0.2
3201,江苏省,南京市-3201,中国,9314685,江苏省,1412914089,0.5087420439235397,0.4912579560764603,0,0,0,1,0,0,0.031887238828432404,0.052115974759736436,0.06403400865231233,0.06080903762578306,0.05559953263372123,0.05771750429477103,0.06559282529739145,0.0863331018847247,0.07464933064306077,0.06544290464641266,0.0773024813400385,0.08383282460141142,0.07338070503167018,0.04659029272373545,0.047475708907026126,0.029998295246668746,0.015810195519962714,0.011428037363140768,0.02,0.03,0.08,0.15,0.22,0.24,0.15,0.08,0.02,0.01,0.2,0.3,0.3,0.2
3202,江苏省,无锡市-3202,中国,4396835,江苏省,1412914089,0.5087420439235397,0.4912579560764603,0,0,0,1,0,0,0.031887238828432404,0.052115974759736436,0.06403400865231233,0.06080903762578306,0.05559953263372123,0.05771750429477103,0.06559282529739145,0.0863331018847247,0.07464933064306077,0.06544290464641266,0.0773024813400385,0.08383282460141142,0.07338070503167018,0.04659029272373545,0.047475708907026126,0.029998295246668746,0.015810195519962714,0.011428037363140768,0.02,0.03,0.08,0.15,0.22,0.24,0.15,0.08,0.02,0.01,0.2,0.3,0.3,0.2
3203,江苏省,徐州市-3203,中国,1253991,江苏省,1412914089,0.5087420439235397,0.4912579560764603,0,0,0,1,0,0,0.031887238828432404,0.052115974759736436,0.06403400865231233,0.06080903762578306,0.05559953263372123,0.05771750429477103,0.06559282529739145,0.0863331018847247,0.07464933064306077,0.06544290464641266,0.0773024813400385,0.08383282460141142,0.07338070503167018,0.04659029272373545,0.047475708907026126,0.029998295246668746,0.015810195519962714,0.011428037363140768,0.02,0.03,0.08,0.15,0.22,0.24,0.15,0.08,0.02,0.01,0.2,0.3,0.3,0.2
3204,江苏省,常州市-3204,中国,3290918,江苏省,1412914089,0.5087420439235397,0.4912579560764603,0,0,0,1,0,0,0.031887238828432404,0.052115974759736436,0.06403400865231233,0.06080903762578306,0.05559953263372123,0.05771750429477103,0.06559282529739145,0.0863331018847247,0.07464933064306077,0.06544290464641266,0.0773024813400385,0.08383282460141142,0.07338070503167018,0.04659029272373545,0.047475708907026126,0.029998295246668746,0.015810195519962714,0.011428037363140768,0.02,0.03,0.08,0.15,0.22,0.24,0.15,0.08,0.02,0.01,0.2,0.3,0.3,0.2
3205,江苏省,苏州市-3205,中国,6715559,江苏省,1412914089,0.5087420439235397,0.4912579560764603,0,0,0,1,0,0,0.031887238828432404,0.052115974759736436,0.06403400865231233,0.06080903762578306,0.05559953263372123,0.05771750429477103,0.06559282529739145,0.0863331018847247,0.07464933064306077,0.06544290464641266,0.0773024813400385,0.08383282460141142,0.07338070503167018,0.04659029272373545,0.047475708907026126,0.029998295246668746,0.015810195519962714,0.011428037363140768,0.02,0.03,0.08,0.15,0.22,0.24,0.15,0.08,0.02,0.01,0.2,0.3,0.3,0.2
3206,江苏省,南通市-3206,中国,2273326,江苏省,1412914089,0.5087420439235397,0.4912579560764603,0,0,0,1,0,0,0.031887238828432404,0.052115974759736436,0.06403400865231233,0.06080903762578306,0.05559953263372123,0.05771750429477103,0.06559282529739145,0.0863331018847247,0.07464933064306077,0.06544290464641266,0.0773024813400385,0.08383282460141142,0.07338070503167018,0.04659029272373545,0.047475708907026126,0.029998295246668746,0.015810195519962714,0.011428037363140768,0.02,0.03,0.08,0.15,0.22,0.24,0.15,0.08,0.02,0.01,0.2,0.3,0.3,0.2
3207,江苏省,连云港市-3207,中国,2001009,江苏省,1412914089,0.5087420439235397,0.4912579560764603,0,0,0,1,0,0,0.031887238828432404,0.052115974759736436,0.06403400865231233,0.06080903762578306,0.05559953263372123,0.05771750429477103,0.06559282529739145,0.0863331018847247,0.07464933064306077,0.06544290464641266,0.0773024813400385,0.08383282460141142,0.07338070503167018,0.04659029272373545,0.047475708907026126,0.029998295246668746,0.015810195519962714,0.011428037363140768,0.02,0.03,0.08,0.15,0.22,0.24,0.15,0.08,0.02,0.01,0.2,0.3,0.3,0.2
3208,江苏省,淮安市-3208,中国,4556230,江苏省,1412914089,0.5087420439235397,0.4912579560764603,0,0,0,1,0,0,0.031887238828432404,0.052115974759736436,0.06403400865231233,0.06080903762578306,0.05559953263372123,0.05771750429477103,0.06559282529739145,0.0863331018847247,0.07464933064306077,0.06544290464641266,0.0773024813400385,0.08383282460141142,0.07338070503167018,0.04659029272373545,0.047475708907026126,0.029998295246668746,0.015810195519962714,0.011428037363140768,0.02,0.03,0.08,0.15,0.22,0.24,0.15,0.08,0.02,0.01,0.2,0.3,0.3,0.2
3209,江苏省,盐城市-3209,中国,1615717,江苏省,1412914089,0.5087420439235397,0.4912579560764603,0,0,0,1,0,0,0.031887238828432404,0.052115974759736436,0.06403400865231233,0.06080903762578306,0.05559953263372123,0.05771750429477103,0.06559282529739145,0.0863331018847247,0.07464933064306077,0.06544290464641266,0.0773024813400385,0.08383282460141142,0.07338070503167018,0.04659029272373545,0.047475708907026126,0.029998295246668746,0.015810195519962714,0.011428037363140768,0.02,0.03,0.08,0.15,0.22,0.24,0.15,0.08,0.02,0.01,0.2,0.3,0.3,0.2
3210,江苏省,扬州市-3210,中国,4559797,江苏省,1412914089,0.5087420439235397,0.4912579560764603,0,0,0,1,0,0,0.031887238828432404,0.052115974759736436,0.06403400865231233,0.06080903762578306,0.05559953263372123,0.05771750429477103,0.06559282529739145,0.0863331018847247,0.07464933064306077,0.06544290464641266,0.0773024813400385,0.08383282460141142,0.07338070503167018,0.04659029272373545,0.047475708907026126,0.029998295246668746,0.015810195519962714,0.011428037363140768,0.02,0.03,0.08,0.15,0.22,0.24,0.15,0.08,0.02,0.01,0.2,0.3,0.3,0.2
3211,江苏省,镇江市-3211,中国,950516,江苏省,1412914089,0.5087420439235397,0.4912579560764603,0,0,0,1,0,0,0.031887238828432404,0.052115974759736436,0.06403400865231233,0.06080903762578306,0.05559953263372123,0.05771750429477103,0.06559282529739145,0.0863331018847247,0.07464933064306077,0.06544290464641266,0.0773024813400385,0.08383282460141142,0.07338070503167018,0.04659029272373545,0.047475708907026126,0.029998295246668746,0.015810195519962714,0.011428037363140768,0.02,0.03,0.08,0.15,0.22,0.24,0.15,0.08,0.02,0.01,0.2,0.3,0.3,0.2
3212,江苏省,泰州市-3212,中国,1607108,江苏省,1412914089,0.5087420439235397,0.4912579560764603,0,0,0,1,0,0,0.031887238828432404,0.052115974759736436,0.06403400865231233,0.06080903762578306,0.05559953263372123,0.05771750429477103,0.06559282529739145,0.0863331018847247,0.07464933064306077,0.06544290464641266,0.0773024813400385,0.08383282460141142,0.07338070503167018,0.04659029272373545,0.047475708907026126,0.029998295246668746,0.015810195519962714,0.011428037363140768,0.02,0.03,0.08,0.15,0.22,0.24,0.15,0.08,0.02,0.01,0.2,0.3,0.3,0.2
3213,江苏省,宿迁市-3213,中国,1437685,江苏省,1412914089,0.5087420439235397,0.4912579560764603,0,0,0,1,0,0,0.031887238828432404,0.052115974759736436,0.06403400865231233,0.06080903762578306,0.05559953263372123,0.05771750429477103,0.06559282529739145,0.0863331018847247,0.07464933064306077,0.06544290464641266,0.0773024813400385,0.08383282460141142,0.07338070503167018,0.04659029272373545,0.047475708907026126,0.029998295246668746,0.015810195519962714,0.011428037363140768,0.02,0.03,0.08,0.15,0.22,0.24,0.15,0.08,0.02,0.01,0.2,0.3,0.3,0.2
3301,浙江省,杭州市-3301,中国,11936010,浙江省,1412914089,0.5087420439235397,0.4912579560764603,0,0,0,1,0,0,0.031887238828432404,0.052115974759736436,0.06403400865231233,0.06080903762578306,0.05559953263372123,0.05771750429477103,0.06559282529739145,0.0863331018847247,0.07464933064306077,0.06544290464641266,0.0773024813400385,0.08383282460141142,0.07338070503167018,0.04659029272373545,0.047475708907026126,0.029998295246668746,0.015810195519962714,0.011428037363140768,0.02,0.03,0.08,0.15,0.22,0.24,0.15,0.08,0.02,0.01,0.2,0.3,0.3,0.2
3302,浙江省,宁波市-3302,中国,3731203,浙江省,1412914089,0.5087420439235397,0.4912579560764603,0,0,0,1,0,0,0.031887238828432404,0.052115974759736436,0.06403400865231233,0.06080903762578306,0.05559953263372123,0.05771750429477103,0.06559282529739145,0.0863331018847247,0.07464933064306077,0.06544290464641266,0.0773024813400385,0.08383282460141142,0.07338070503167018,0.04659029272373545,0.047475708907026126,0.029998295246668746,0.015810195519962714,0.011428037363140768,0.02,0.03,0.08,0.15,0.22,0.24,0.15,0.08,0.02,0.01,0.2,0.3,0.3,0.2
3303,浙江省,温州市-3303,中国,2650000,浙江省,1412914089,0.5087420439235397,0.4912579560764603,0,0,0,1,0,0,0.031887238828432404,0.052115974759736436,0.06403400865231233,0.06080903762578306,0.05559953263372123,0.05771750429477103,0.06559282529739145,0.0863331018847247,0.07464933064306077,0.06544290464641266,0.0773024813400385,0.08383282460141142,0.07338070503167018,0.04659029272373545,0.047475708907026126,0.029998295246668746,0.015810195519962714,0.011428037363140768,0.02,0.03,0.08,0.15,0.22,0.24,0.15,0.08,0.02,0.01,0.2,0.3,0.3,0.2
3304,浙江省,嘉兴市-3304,中国,1180000,浙江省,1412914089,0.5087420439235397,0.4912579560764603,0,0,0,1,0,0,0.031887238828432404,0.052115974759736436,0.06403400865231233,0.06080903762578306,0.05559953263372123,0.05771750429477103,0.06559282529739145,0.0863331018847247,0.07464933064306077,0.06544290464641266,0.0773024813400385,0.08383282460141142,0.07338070503167018,0.04659029272373545,0.047475708907026126,0.029998295246668746,0.015810195519962714,0.011428037363140768,0.02,0.03,0.08,0.15,0.22,0.24,0.15,0.08,0.02,0.01,0.2,0.3,0.3,0.2
3305,浙江省,湖州市-3305,中国,1015937,浙江省,1412914089,0.5087420439235397,0.4912579560764603,0,0,0,1,0,0,0.031887238828432404,0.052115974759736436,0.06403400865231233,0.06080903762578306,0.05559953263372123,0.05771750429477103,0.06559282529739145,0.0863331018847247,0.07464933064306077,0.06544290464641266,0.0773024813400385,0.08383282460141142,0.07338070503167018,0.04659029272373545,0.047475708907026126,0.029998295246668746,0.015810195519962714,0.011428037363140768,0.02,0.03,0.08,0.15,0.22,0.24,0.15,0.08,0.02,0.01,0.2,0.3,0.3,0.2
3306,浙江省,绍兴市-3306,中国,2300000,浙江省,1412914089,0.5087420439235397,0.4912579560764603,0,0,0,1,0,0,0.031887238828432404,0.052115974759736436,0.06403400865231233,0.06080903762578306,0.05559953263372123,0.05771750429477103,0.06559282529739145,0.0863331018847247,0.07464933064306077,0.06544290464641266,0.0773024813400385,0.08383282460141142,0.07338070503167018,0.04659029272373545,0.047475708907026126,0.029998295246668746,0.015810195519962714,0.011428037363140768,0.02,0.03,0.08,0.15,0.22,0.24,0.15,0.08,0.02,0.01,0.2,0.3,0.3,0.2
3307,浙江省,金华市-3307,中国,3590000,浙江省,1412914089,0.5087420439235397,0.4912579560764603,0,0,0,1,0,0,0.031887238828432404,0.052115974759736436,0.06403400865231233,0.06080903762578306,0.05559953263372123,0.05771750429477103,0.06559282529739145,0.0863331018847247,0.07464933064306077,0.06544290464641266,0.0773024813400385,0.08383282460141142,0.07338070503167018,0.04659029272373545,0.047475708907026126,0.029998295246668746,0.015810195519962714,0.011428037363140768,0.02,0.03,0.08,0.15,0.22,0.24,0.15,0.08,0.02,0.01,0.2,0.3,0.3,0.2
3308,浙江省,衢州市-3308,中国,902767,浙江省,1412914089,0.5087420439235397,0.4912579560764603,0,0,0,1,0,0,0.031887238828432404,0.052115974759736436,0.06403400865231233,0.06080903762578306,0.05559953263372123,0.05771750429477103,0.06559282529739145,0.0863331018847247,0.07464933064306077,0.06544290464641266,0.0773024813400385,0.08383282460141142,0.07338070503167018,0.04659029272373545,0.047475708907026126,0.029998295246668746,0.015810195519962714,0.011428037363140768,0.02,0.03,0.08,0.15,0.22,0.24,0.15,0.08,0.02,0.01,0.2,0.3,0.3,0.2
3309,浙江省,舟山市-3309,中国,882932,浙江省,1412914089,0.5087420439235397,0.4912579560764603,0,0,0,1,0,0,0.031887238828432404,0.052115974759736436,0.06403400865231233,0.06080903762578306,0.05559953263372123,0.05771750429477103,0.06559282529739145,0.0863331018847247,0.07464933064306077,0.06544290464641266,0.0773024813400385,0.08383282460141142,0.07338070503167018,0.04659029272373545,0.047475708907026126,0.029998295246668746,0.015810195519962714,0.011428037363140768,0.02,0.03,0.08,0.15,0.22,0.24,0.15,0.08,0.02,0.01,0.2,0.3,0.3,0.2
3310,浙江省,台州市-3310,中国,1485502,浙江省,1412914089,0.5087420439235397,0.4912579560764603,0,0,0,1,0,0,0.031887238828432404,0.052115974759736436,0.06403400865231233,0.06080903762578306,0.05559953263372123,0.05771750429477103,0.06559282529739145,0.0863331018847247,0.07464933064306077,0.06544290464641266,0.0773024813400385,0.08383282460141142,0.07338070503167018,0.04659029272373545,0.047475708907026126,0.029998295246668746,0.015810195519962714,0.011428037363140768,0.02,0.03,0.08,0.15,0.22,0.24,0.15,0.08,0.02,0.01,0.2,0.3,0.3,0.2
3311,浙江省,丽水市-3311,中国,451418,浙江省,1412914089,0.5087420439235397,0.4912579560764603,0,0,0,1,0,0,0.031887238828432404,0.052115974759736436,0.06403400865231233,0.06080903762578306,0.05559953263372123,0.05771750429477103,0.06559282529739145,0.0863331018847247,0.07464933064306077,0.06544290464641266,0.0773024813400385,0.08383282460141142,0.07338070503167018,0.04659029272373545,0.047475708907026126,0.029998295246668746,0.015810195519962714,0.011428037363140768,0.02,0.03,0.08,0.15,0.22,0.24,0.15,0.08,0.02,0.01,0.2,0.3,0.3,0.2
3401,安徽省,合肥市-3401,中国,9465881,安徽省,1412914089,0.5087420439235397,0.4912579560764603,0,0,0,1,0,0,0.031887238828432404,0.052115974759736436,0.06403400865231233,0.06080903762578306,0.05559953263372123,0.05771750429477103,0.06559282529739145,0.0863331018847247,0.07464933064306077,0.06544290464641266,0.0773024813400385,0.08383282460141142,0.07338070503167018,0.04659029272373545,0.047475708907026126,0.029998295246668746,0.015810195519962714,0.011428037363140768,0.02,0.03,0.08,0.15,0.22,0.24,0.15,0.08,0.02,0.01,0.2,0.3,0.3,0.2
3402,安徽省,芜湖市-3402,中国,1598165,安徽省,1412914089,0.5087420439235397,0.4912579560764603,0,0,0,1,0,0,0.031887238828432404,0.052115974759736436,0.06403400865231233,0.06080903762578306,0.05559953263372123,0.05771750429477103,0.06559282529739145,0.0863331018847247,0.07464933064306077,0.06544290464641266,0.0773024813400385,0.08383282460141142,0.07338070503167018,0.04659029272373545,0.047475708907026126,0.029998295246668746,0.015810195519962714,0.011428037363140768,0.02,0.03,0.08,0.15,0.22,0.24,0.15,0.08,0.02,0.01,0.2,0.3,0.3,0.2
3403,安徽省,蚌埠市-3403,中国,972784,安徽省,1412914089,0.5087420439235397,0.4912579560764603,0,0,0,1,0,0,0.031887238828432404,0.052115974759736436,0.06403400865231233,0.06080903762578306,0.05559953263372123,0.05771750429477103,0.06559282529739145,0.0863331018847247,0.07464933064306077,0.06544290464641266,0.0773024813400385,0.08383282460141142,0.07338070503167018,0.04659029272373545,0.047475708907026126,0.029998295246668746,0.015810195519962714,0.011428037363140768,0.02,0.03,0.08,0.15,0.22,0.24,0.15,0.08,0.02,0.01,0.2,0.3,0.3,0.2
3404,安徽省,淮南市-3404,中国,3033528,安徽省,1412914089,0.5087420439235397,0.4912579560764603,0,0,0,1,0,0,0.031887238828432404,0.052115974759736436,0.06403400865231233,0.06080903762578306,0.05559953263372123,0.05771750429477103,0.06559282529739145,0.0863331018847247,0.07464933064306077,0.06544290464641266,0.0773024813400385,0.08383282460141142,0.07338070503167018,0.04659029272373545,0.047475708907026126,0.029998295246668746,0.015810195519962714,0.011428037363140768,0.02,0.03,0.08,0.15,0.22,0.24,0.15,0.08,0.02,0.01,0.2,0.3,0.3,0.2
3405,安徽省,马鞍山市-3405,中国,741531,安徽省,1412914089,0.5087420439235397,0.4912579560764603,0,0,0,1,0,0,0.031887238828432404,0.052115974759736436,0.06403400865231233,0.06080903762578306,0.05559953263372123,0.05771750429477103,0.06559282529739145,0.0863331018847247,0.07464933064306077,0.06544290464641266,0.0773024813400385,0.08383282460141142,0.07338070503167018,0.04659029272373545,0.047475708907026126,0.029998295246668746,0.015810195519962714,0.011428037363140768,0.02,0.03,0.08,0.15,0.22,0.24,0.15,0.08,0.02,0.01,0.2,0.3,0.3,0.2
3406,安徽省,淮北市-3406,中国,1113321,安徽省,1412914089,0.5087420439235397,0.4912579560764603,0,0,0,1,0,0,0.031887238828432404,0.052115974759736436,0.06403400865231233,0.06080903762578306,0.05559953263372123,0.05771750429477103,0.06559282529739145,0.0863331018847247,0.07464933064306077,0.06544290464641266,0.0773024813400385,0.08383282460141142,0.07338070503167018,0.04659029272373545,0.047475708907026126,0.029998295246668746,0.015810195519962714,0.011428037363140768,0.02,0.03,0.08,0.15,0.22,0.24,0.15,0.08,0.02,0.01,0.2,0.3,0.3,0.2
3407,安徽省,铜陵市-3407,中国,402062,安徽省,1412914089,0.5087420439235397,0.4912579560764603,0,0,0,1,0,0,0.031887238828432404,0.052115974759736436,0.06403400865231233,0.06080903762578306,0.05559953263372123,0.05771750429477103,0.06559282529739145,0.0863331018847247,0.07464933064306077,0.06544290464641266,0.0773024813400385,0.08383282460141142,0.07338070503167018,0.04659029272373545,0.047475708907026126,0.029998295246668746,0.015810195519962714,0.011428037363140768,0.02,0.03,0.08,0.15,0.22,0.24,0.15,0.08,0.02,0.01,0.2,0.3,0.3,0.2
3408,安徽省,安庆市-3408,中国,804493,安徽省,1412914089,0.5087420439235397,0.4912579560764603,0,0,0,1,0,0,0.031887238828432404,0.052115974759736436,0.06403400865231233,0.06080903762578306,0.05559953263372123,0.05771750429477103,0.06559282529739145,0.0863331018847247,0.07464933064306077,0.06544290464641266,0.0773024813400385,0.08383282460141142,0.07338070503167018,0.04659029272373545,0.047475708907026126,0.029998295246668746,0.015810195519962714,0.011428037363140768,0.02,0.03,0.08,0.15,0.22,0.24,0.15,0.08,0.02,0.01,0.2,0.3,0.3,0.2
3410,安徽省,黄山市-3410,中国,460786,安徽省,1412914089,0.5087420439235397,0.4912579560764603,0,0,0,1,0,0,0.031887238828432404,0.052115974759736436,0.06403400865231233,0.06080903762578306,0.05559953263372123,0.05771750429477103,0.06559282529739145,0.0863331018847247,0.07464933064306077,0.06544290464641266,0.0773024813400385,0.08383282460141142,0.07338070503167018,0.04659029272373545,0.047475708907026126,0.029998295246668746,0.015810195519962714,0.011428037363140768,0.02,0.03,0.08,0.15,0.22,0.24,0.15,0.08,0.02,0.01,0.2,0.3,0.3,0.2
3411,安徽省,滁州市-3411,中国,782671,安徽省,1412914089,0.5087420439235397,0.4912579560764603,0,0,0,1,0,0,0.031887238828432404,0.052115974759736436,0.06403400865231233,0.06080903762578306,0.05559953263372123,0.05771750429477103,0.06559282529739145,0.0863331018847247,0.07464933064306077,0.06544290464641266,0.0773024813400385,0.08383282460141142,0.07338070503167018,0.04659029272373545,0.047475708907026126,0.029998295246668746,0.015810195519962714,0.011428037363140768,0.02,0.03,0.08,0.15,0.22,0.24,0.15,0.08,0.02,0.01,0.2,0.3,0.3,0.2
3412,安徽省,阜阳市-3412,中国,1768947,安徽省,1412914089,0.5087420439235397,0.4912579560764603,0,0,0,1,0,0,0.031887238828432404,0.052115974759736436,0.06403400865231233,0.06080903762578306,0.05559953263372123,0.05771750429477103,0.06559282529739145,0.0863331018847247,0.07464933064306077,0.06544290464641266,0.0773024813400385,0.08383282460141142,0.07338070503167018,0.04659029272373545,0.047475708907026126,0.029998295246668746,0.015810195519962714,0.011428037363140768,0.02,0.03,0.08,0.15,0.22,0.24,0.15,0.08,0.02,0.01,0.2,0.3,0.3,0.2
3413,安徽省,宿州市-3413,中国,1647642,安徽省,1412914089,0.5087420439235397,0.4912579560764603,0,0,0,1,0,0,0.031887238828432404,0.052115974759736436,0.06403400865231233,0.06080903762578306,0.05559953263372123,0.05771750429477103,0.06559282529739145,0.0863331018847247,0.07464933064306077,0.06544290464641266,0.0773024813400385,0.08383282460141142,0.07338070503167018,0.04659029272373545,0.047475708907026126,0.029998295246668746,0.015810195519962714,0.011428037363140768,0.02,0.03,0.08,0.15,0.22,0.24,0.15,0.08,0.02,0.01,0.2,0.3,0.3,0.2
3415,安徽省,六安市-3415,中国,1644344,安徽省,1412914089,0.5087420439235397,0.4912579560764603,0,0,0,1,0,0,0.031887238828432404,0.052115974759736436,0.06403400865231233,0.06080903762578306,0.05559953263372123,0.05771750429477103,0.06559282529739145,0.0863331018847247,0.07464933064306077,0.06544290464641266,0.0773024813400385,0.08383282460141142,0.07338070503167018,0.04659029272373545,0.047475708907026126,0.029998295246668746,0.015810195519962714,0.011428037363140768,0.02,0.03,0.08,0.15,0.22,0.24,0.15,0.08,0.02,0.01,0.2,0.3,0.3,0.2
3416,安徽省,亳州市-3416,中国,1409436,安徽省,1412914089,0.5087420439235397,0.4912579560764603,0,0,0,1,0,0,0.031887238828432404,0.052115974759736436,0.06403400865231233,0.06080903762578306,0.05559953263372123,0.05771750429477103,0.06559282529739145,0.0863331018847247,0.07464933064306077,0.06544290464641266,0.0773024813400385,0.08383282460141142,0.07338070503167018,0.04659029272373545,0.047475708907026126,0.029998295246668746,0.015810195519962714,0.011428037363140768,0.02,0.03,0.08,0.15,0.22,0.24,0.15,0.08,0.02,0.01,0.2,0.3,0.3,0.2
3417,安徽省,池州市-3417,中国,615274,安徽省,1412914089,0.5087420439235397,0.4912579560764603,0,0,0,1,0,0,0.031887238828432404,0.052115974759736436,0.06403400865231233,0.06080903762578306,0.05559953263372123,0.05771750429477103,0.06559282529739145,0.0863331018847247,0.07464933064306077,0.06544290464641266,0.0773024813400385,0.08383282460141142,0.07338070503167018,0.04659029272373545,0.047475708907026126,0.029998295246668746,0.015810195519962714,0.011428037363140768,0.02,0.03,0.08,0.15,0.22,0.24,0.15,0.08,0.02,0.01,0.2,0.3,0.3,0.2
3418,安徽省,宣城市-3418,中国,774332,安徽省,1412914089,0.5087420439235397,0.4912579560764603,0,0,0,1,0,0,0.031887238828432404,0.052115974759736436,0.06403400865231233,0.06080903762578306,0.05559953263372123,0.05771750429477103,0.06559282529739145,0.0863331018847247,0.07464933064306077,0.06544290464641266,0.0773024813400385,0.08383282460141142,0.07338070503167018,0.04659029272373545,0.047475708907026126,0.029998295246668746,0.015810195519962714,0.011428037363140768,0.02,0.03,0.08,0.15,0.22,0.24,0.15,0.08,0.02,0.01,0.2,0.3,0.3,0.2
3501,福建省,福州市-3501,中国,8291268,福建省,1412914089,0.5087420439235397,0.4912579560764603,0,0,0,1,0,0,0.031887238828432404,0.052115974759736436,0.06403400865231233,0.06080903762578306,0.05559953263372123,0.05771750429477103,0.06559282529739145,0.0863331018847247,0.07464933064306077,0.06544290464641266,0.0773024813400385,0.08383282460141142,0.07338070503167018,0.04659029272373545,0.047475708907026126,0.029998295246668746,0.015810195519962714,0.011428037363140768,0.02,0.03,0.08,0.15,0.22,0.24,0.15,0.08,0.02,0.01,0.2,0.3,0.3,0.2
3502,福建省,厦门市-3502,中国,8145,福建省,1412914089,0.5087420439235397,0.4912579560764603,0,0,0,1,0,0,0.031887238828432404,0.052115974759736436,0.06403400865231233,0.06080903762578306,0.05559953263372123,0.05771750429477103,0.06559282529739145,0.0863331018847247,0.07464933064306077,0.06544290464641266,0.0773024813400385,0.08383282460141142,0.07338070503167018,0.04659029272373545,0.047475708907026126,0.029998295246668746,0.015810195519962714,0.011428037363140768,0.02,0.03,0.08,0.15,0.22,0.24,0.15,0.08,0.02,0.01,0.2,0.3,0.3,0.2
3503,福建省,莆田市-3503,中国,1539389,福建省,1412914089,0.5087420439235397,0.4912579560764603,0,0,0,1,0,0,0.031887238828432404,0.052115974759736436,0.06403400865231233,0.06080903762578306,0.05559953263372123,0.05771750429477103,0.06559282529739145,0.0863331018847247,0.07464933064306077,0.06544290464641266,0.0773024813400385,0.08383282460141142,0.07338070503167018,0.04659029272373545,0.047475708907026126,0.029998295246668746,0.015810195519962714,0.011428037363140768,0.02,0.03,0.08,0.15,0.22,0.24,0.15,0.08,0.02,0.01,0.2,0.3,0.3,0.2
3504,福建省,三明市-3504,中国,602166,福建省,1412914089,0.5087420439235397,0.4912579560764603,0,0,0,1,0,0,0.031887238828432404,0.052115974759736436,0.06403400865231233,0.06080903762578306,0.05559953263372123,0.05771750429477103,0.06559282529739145,0.0863331018847247,0.07464933064306077,0.06544290464641266,0.0773024813400385,0.08383282460141142,0.07338070503167018,0.04659029272373545,0.047475708907026126,0.029998295246668746,0.015810195519962714,0.011428037363140768,0.02,0.03,0.08,0.15,0.22,0.24,0.15,0.08,0.02,0.01,0.2,0.3,0.3,0.2
3505,福建省,泉州市-3505,中国,1663542,福建省,1412914089,0.5087420439235397,0.4912579560764603,0,0,0,1,0,0,0.031887238828432404,0.052115974759736436,0.06403400865231233,0.06080903762578306,0.05559953263372123,0.05771750429477103,0.06559282529739145,0.0863331018847247,0.07464933064306077,0.06544290464641266,0.0773024813400385,0.08383282460141142,0.07338070503167018,0.04659029272373545,0.047475708907026126,0.029998295246668746,0.015810195519962714,0.011428037363140768,0.02,0.03,0.08,0.15,0.22,0.24,0.15,0.08,0.02,0.01,0.2,0.3,0.3,0.2
3506,福建省,漳州市-3506,中国,589831,福建省,1412914089,0.5087420439235397,0.4912579560764603,0,0,0,1,0,0,0.031887238828432404,0.052115974759736436,0.06403400865231233,0.06080903762578306,0.05559953263372123,0.05771750429477103,0.06559282529739145,0.0863331018847247,0.07464933064306077,0.06544290464641266,0.0773024813400385,0.08383282460141142,0.07338070503167018,0.04659029272373545,0.047475708907026126,0.029998295246668746,0.015810195519962714,0.011428037363140768,0.02,0.03,0.08,0.15,0.22,0.24,0.15,0.08,0.02,0.01,0.2,0.3,0.3,0.2
3507,福建省,南平市-3507,中国,467875,福建省,1412914089,0.5087420439235397,0.4912579560764603,0,0,0,1,0,0,0.031887238828432404,0.052115974759736436,0.06403400865231233,0.06080903762578306,0.05559953263372123,0.05771750429477103,0.06559282529739145,0.0863331018847247,0.07464933064306077,0.06544290464641266,0.0773024813400385,0.08383282460141142,0.07338070503167018,0.04659029272373545,0.047475708907026126,0.029998295246668746,0.015810195519962714,0.011428037363140768,0.02,0.03,0.08,0.15,0.22,0.24,0.15,0.08,0.02,0.01,0.2,0.3,0.3,0.2
3508,福建省,龙岩市-3508,中国,1025087,福建省,1412914089,0.5087420439235397,0.4912579560764603,0,0,0,1,0,0,0.031887238828432404,0.052115974759736436,0.06403400865231233,0.06080903762578306,0.05559953263372123,0.05771750429477103,0.06559282529739145,0.0863331018847247,0.07464933064306077,0.06544290464641266,0.0773024813400385,0.08383282460141142,0.07338070503167018,0.04659029272373545,0.047475708907026126,0.029998295246668746,0.015810195519962714,0.011428037363140768,0.02,0.03,0.08,0.15,0.22,0.24,0.15,0.08,0.02,0.01,0.2,0.3,0.3,0.2
3509,福建省,宁德市-3509,中国,429260,福建省,1412914089,0.5087420439235397,0.4912579560764603,0,0,0,1,0,0,0.031887238828432404,0.052115974759736436,0.06403400865231233,0.06080903762578306,0.05559953263372123,0.05771750429477103,0.06559282529739145,0.0863331018847247,0.07464933064306077,0.06544290464641266,0.0773024813400385,0.08383282460141142,0.07338070503167018,0.04659029272373545,0.047475708907026126,0.029998295246668746,0.015810195519962714,0.011428037363140768,0.02,0.03,0.08,0.15,0.22,0.24,0.15,0.08,0.02,0.01,0.2,0.3,0.3,0.2
3601,江西省,南昌市-3601,中国,2357839,江西省,1412914089,0.5087420439235397,0.4912579560764603,0,0,0,1,0,0,0.031887238828432404,0.052115974759736436,0.06403400865231233,0.06080903762578306,0.05559953263372123,0.05771750429477103,0.06559282529739145,0.0863331018847247,0.07464933064306077,0.06544290464641266,0.0773024813400385,0.08383282460141142,0.07338070503167018,0.04659029272373545,0.047475708907026126,0.029998295246668746,0.015810195519962714,0.011428037363140768,0.02,0.03,0.08,0.15,0.22,0.24,0.15,0.08,0.02,0.01,0.2,0.3,0.3,0.2
3602,江西省,景德镇市-3602,中国,473561,江西省,1412914089,0.5087420439235397,0.4912579560764603,0,0,0,1,0,0,0.031887238828432404,0.052115974759736436,0.06403400865231233,0.06080903762578306,0.05559953263372123,0.05771750429477103,0.06559282529739145,0.0863331018847247,0.07464933064306077,0.06544290464641266,0.0773024813400385,0.08383282460141142,0.07338070503167018,0.04659029272373545,0.047475708907026126,0.029998295246668746,0.015810195519962714,0.011428037363140768,0.02,0.03,0.08,0.15,0.22,0.24,0.15,0.08,0.02,0.01,0.2,0.3,0.3,0.2
3603,江西省,萍乡市-3603,中国,893550,江西省,1412914089,0.5087420439235397,0.4912579560764603,0,0,0,1,0,0,0.031887238828432404,0.052115974759736436,0.06403400865231233,0.06080903762578306,0.05559953263372123,0.05771750429477103,0.06559282529739145,0.0863331018847247,0.07464933064306077,0.06544290464641266,0.0773024813400385,0.08383282460141142,0.07338070503167018,0.04659029272373545,0.047475708907026126,0.029998295246668746,0.015810195519962714,0.011428037363140768,0.02,0.03,0.08,0.15,0.22,0.24,0.15,0.08,0.02,0.01,0.2,0.3,0.3,0.2
3604,江西省,九江市-3604,中国,1164268,江西省,1412914089,0.5087420439235397,0.4912579560764603,0,0,0,1,0,0,0.031887238828432404,0.052115974759736436,0.06403400865231233,0.06080903762578306,0.05559953263372123,0.05771750429477103,0.06559282529739145,0.0863331018847247,0.07464933064306077,0.06544290464641266,0.0773024813400385,0.08383282460141142,0.07338070503167018,0.04659029272373545,0.047475708907026126,0.029998295246668746,0.015810195519962714,0.011428037363140768,0.02,0.03,0.08,0.15,0.22,0.24,0.15,0.08,0.02,0.01,0.2,0.3,0.3,0.2
3605,江西省,新余市-3605,中国,839488,江西省,1412914089,0.5087420439235397,0.4912579560764603,0,0,0,1,0,0,0.031887238828432404,0.052115974759736436,0.06403400865231233,0.06080903762578306,0.05559953263372123,0.05771750429477103,0.06559282529739145,0.0863331018847247,0.07464933064306077,0.06544290464641266,0.0773024813400385,0.08383282460141142,0.07338070503167018,0.04659029272373545,0.047475708907026126,0.029998295246668746,0.015810195519962714,0.011428037363140768,0.02,0.03,0.08,0.15,0.22,0.24,0.15,0.08,0.02,0.01,0.2,0.3,0.3,0.2
3606,江西省,鹰潭市-3606,中国,214229,江西省,1412914089,0.5087420439235397,0.4912579560764603,0,0,0,1,0,0,0.031887238828432404,0.052115974759736436,0.06403400865231233,0.06080903762578306,0.05559953263372123,0.05771750429477103,0.06559282529739145,0.0863331018847247,0.07464933064306077,0.06544290464641266,0.0773024813400385,0.08383282460141142,0.07338070503167018,0.04659029272373545,0.047475708907026126,0.029998295246668746,0.015810195519962714,0.011428037363140768,0.02,0.03,0.08,0.15,0.22,0.24,0.15,0.08,0.02,0.01,0.2,0.3,0.3,0.2
3607,江西省,赣州市-3607,中国,1977253,江西省,1412914089,0.5087420439235397,0.4912579560764603,0,0,0,1,0,0,0.031887238828432404,0.052115974759736436,0.06403400865231233,0.06080903762578306,0.05559953263372123,0.05771750429477103,0.06559282529739145,0.0863331018847247,0.07464933064306077,0.06544290464641266,0.0773024813400385,0.08383282460141142,0.07338070503167018,0.04659029272373545,0.047475708907026126,0.029998295246668746,0.015810195519962714,0.011428037363140768,0.02,0.03,0.08,0.15,0.22,0.24,0.15,0.08,0.02,0.01,0.2,0.3,0.3,0.2
3608,江西省,吉安市-3608,中国,538699,江西省,1412914089,0.5087420439235397,0.4912579560764603,0,0,0,1,0,0,0.031887238828432404,0.052115974759736436,0.06403400865231233,0.06080903762578306,0.05559953263372123,0.05771750429477103,0.06559282529739145,0.0863331018847247,0.07464933064306077,0.06544290464641266,0.0773024813400385,0.08383282460141142,0.07338070503167018,0.04659029272373545,0.047475708907026126,0.029998295246668746,0.015810195519962714,0.011428037363140768,0.02,0.03,0.08,0.15,0.22,0.24,0.15,0.08,0.02,0.01,0.2,0.3,0.3,0.2
3609,江西省,宜春市-3609,中国,1045952,江西省,1412914089,0.5087420439235397,0.4912579560764603,0,0,0,1,0,0,0.031887238828432404,0.052115974759736436,0.06403400865231233,0.06080903762578306,0.05559953263372123,0.05771750429477103,0.06559282529739145,0.0863331018847247,0.07464933064306077,0.06544290464641266,0.0773024813400385,0.08383282460141142,0.07338070503167018,0.04659029272373545,0.047475708907026126,0.029998295246668746,0.015810195519962714,0.011428037363140768,0.02,0.03,0.08,0.15,0.22,0.24,0.15,0.08,0.02,0.01,0.2,0.3,0.3,0.2
3610,江西省,抚州市-3610,中国,1089888,江西省,1412914089,0.5087420439235397,0.4912579560764603,0,0,0,1,0,0,0.031887238828432404,0.052115974759736436,0.06403400865231233,0.06080903762578306,0.05559953263372123,0.05771750429477103,0.06559282529739145,0.0863331018847247,0.07464933064306077,0.06544290464641266,0.0773024813400385,0.08383282460141142,0.07338070503167018,0.04659029272373545,0.047475708907026126,0.029998295246668746,0.015810195519962714,0.011428037363140768,0.02,0.03,0.08,0.15,0.22,0.24,0.15,0.08,0.02,0.01,0.2,0.3,0.3,0.2
3611,江西省,上饶市-3611,中国,1116486,江西省,1412914089,0.5087420439235397,0.4912579560764603,0,0,0,1,0,0,0.031887238828432404,0.052115974759736436,0.06403400865231233,0.06080903762578306,0.05559953263372123,0.05771750429477103,0.06559282529739145,0.0863331018847247,0.07464933064306077,0.06544290464641266,0.0773024813400385,0.08383282460141142,0.07338070503167018,0.04659029272373545,0.047475708907026126,0.029998295246668746,0.015810195519962714,0.011428037363140768,0.02,0.03,0.08,0.15,0.22,0.24,0.15,0.08,0.02,0.01,0.2,0.3,0.3,0.2
3701,山东省,济南市-3701,中国,9202432,山东省,1412914089,0.5087420439235397,0.4912579560764603,0,0,0,1,0,0,0.031887238828432404,0.052115974759736436,0.06403400865231233,0.06080903762578306,0.05559953263372123,0.05771750429477103,0.06559282529739145,0.0863331018847247,0.07464933064306077,0.06544290464641266,0.0773024813400385,0.08383282460141142,0.07338070503167018,0.04659029272373545,0.047475708907026126,0.029998295246668746,0.015810195519962714,0.011428037363140768,0.02,0.03,0.08,0.15,0.22,0.24,0.15,0.08,0.02,0.01,0.2,0.3,0.3,0.2
3702,山东省,青岛市-3702,中国,7172451,山东省,1412914089,0.5087420439235397,0.4912579560764603,0,0,0,1,0,0,0.031887238828432404,0.052115974759736436,0.06403400865231233,0.06080903762578306,0.05559953263372123,0.05771750429477103,0.06559282529739145,0.0863331018847247,0.07464933064306077,0.06544290464641266,0.0773024813400385,0.08383282460141142,0.07338070503167018,0.04659029272373545,0.047475708907026126,0.029998295246668746,0.015810195519962714,0.011428037363140768,0.02,0.03,0.08,0.15,0.22,0.24,0.15,0.08,0.02,0.01,0.2,0.3,0.3,0.2
3703,山东省,淄博市-3703,中国,4704138,山东省,1412914089,0.5087420439235397,0.4912579560764603,0,0,0,1,0,0,0.031887238828432404,0.052115974759736436,0.06403400865231233,0.06080903762578306,0.05559953263372123,0.05771750429477103,0.06559282529739145,0.0863331018847247,0.07464933064306077,0.06544290464641266,0.0773024813400385,0.08383282460141142,0.07338070503167018,0.04659029272373545,0.047475708907026126,0.029998295246668746,0.015810195519962714,0.011428037363140768,0.02,0.03,0.08,0.15,0.22,0.24,0.15,0.08,0.02,0.01,0.2,0.3,0.3,0.2
3704,山东省,枣庄市-3704,中国,3855601,山东省,1412914089,0.5087420439235397,0.4912579560764603,0,0,0,1,0,0,0.031887238828432404,0.052115974759736436,0.06403400865231233,0.06080903762578306,0.05559953263372123,0.05771750429477103,0.06559282529739145,0.0863331018847247,0.07464933064306077,0.06544290464641266,0.0773024813400385,0.08383282460141142,0.07338070503167018,0.04659029272373545,0.047475708907026126,0.029998295246668746,0.015810195519962714,0.011428037363140768,0.02,0.03,0.08,0.15,0.22,0.24,0.15,0.08,0.02,0.01,0.2,0.3,0.3,0.2
3705,山东省,东营市-3705,中国,998968,山东省,1412914089,0.5087420439235397,0.4912579560764603,0,0,0,1,0,0,0.031887238828432404,0.052115974759736436,0.06403400865231233,0.06080903762578306,0.05559953263372123,0.05771750429477103,0.06559282529739145,0.0863331018847247,0.07464933064306077,0.06544290464641266,0.0773024813400385,0.08383282460141142,0.07338070503167018,0.04659029272373545,0.047475708907026126,0.029998295246668746,0.015810195519962714,0.011428037363140768,0.02,0.03,0.08,0.15,0.22,0.24,0.15,0.08,0.02,0.01,0.2,0.3,0.3,0.2
3706,山东省,烟台市-3706,中国,7102100,山东省,1412914089,0.5087420439235397,0.4912579560764603,0,0,0,1,0,0,0.031887238828432404,0.052115974759736436,0.06403400865231233,0.06080903762578306,0.05559953263372123,0.05771750429477103,0.06559282529739145,0.0863331018847247,0.07464933064306077,0.06544290464641266,0.0773024813400385,0.08383282460141142,0.07338070503167018,0.04659029272373545,0.047475708907026126,0.029998295246668746,0.015810195519962714,0.011428037363140768,0.02,0.03,0.08,0.15,0.22,0.24,0.15,0.08,0.02,0.01,0.2,0.3,0.3,0.2
3707,山东省,潍坊市-3707,中国,9386705,山东省,1412914089,0.5087420439235397,0.4912579560764603,0,0,0,1,0,0,0.031887238828432404,0.052115974759736436,0.06403400865231233,0.06080903762578306,0.05559953263372123,0.05771750429477103,0.06559282529739145,0.0863331018847247,0.07464933064306077,0.06544290464641266,0.0773024813400385,0.08383282460141142,0.07338070503167018,0.04659029272373545,0.047475708907026126,0.029998295246668746,0.015810195519962714,0.011428037363140768,0.02,0.03,0.08,0.15,0.22,0.24,0.15,0.08,0.02,0.01,0.2,0.3,0.3,0.2
3708,山东省,济宁市-3708,中国,1241012,山东省,1412914089,0.5087420439235397,0.4912579560764603,0,0,0,1,0,0,0.031887238828432404,0.052115974759736436,0.06403400865231233,0.06080903762578306,0.05559953263372123,0.05771750429477103,0.06559282529739145,0.0863331018847247,0.07464933064306077,0.06544290464641266,0.0773024813400385,0.08383282460141142,0.07338070503167018,0.04659029272373545,0.047475708907026126,0.029998295246668746,0.015810195519962714,0.011428037363140768,0.02,0.03,0.08,0.15,0.22,0.24,0.15,0.08,0.02,0.01,0.2,0.3,0.3,0.2
3709,山东省,泰安市-3709,中国,1735425,山东省,1412914089,0.5087420439235397,0.4912579560764603,0,0,0,1,0,0,0.031887238828432404,0.052115974759736436,0.06403400865231233,0.06080903762578306,0.05559953263372123,0.05771750429477103,0.06559282529739145,0.0863331018847247,0.07464933064306077,0.06544290464641266,0.0773024813400385,0.08383282460141142,0.07338070503167018,0.04659029272373545,0.047475708907026126,0.029998295246668746,0.015810195519962714,0.011428037363140768,0.02,0.03,0.08,0.15,0.22,0.24,0.15,0.08,0.02,0.01,0.2,0.3,0.3,0.2
3710,山东省,威海市-3710,中国,844310,山东省,1412914089,0.5087420439235397,0.4912579560764603,0,0,0,1,0,0,0.031887238828432404,0.052115974759736436,0.06403400865231233,0.06080903762578306,0.05559953263372123,0.05771750429477103,0.06559282529739145,0.0863331018847247,0.07464933064306077,0.06544290464641266,0.0773024813400385,0.08383282460141142,0.07338070503167018,0.04659029272373545,0.047475708907026126,0.029998295246668746,0.015810195519962714,0.011428037363140768,0.02,0.03,0.08,0.15,0.22,0.24,0.15,0.08,0.02,0.01,0.2,0.3,0.3,0.2
3711,山东省,日照市-3711,中国,661943,山东省,1412914089,0.5087420439235397,0.4912579560764603,0,0,0,1,0,0,0.031887238828432404,0.052115974759736436,0.06403400865231233,0.06080903762578306,0.05559953263372123,0.05771750429477103,0.06559282529739145,0.0863331018847247,0.07464933064306077,0.06544290464641266,0.0773024813400385,0.08383282460141142,0.07338070503167018,0.04659029272373545,0.047475708907026126,0.029998295246668746,0.015810195519962714,0.011428037363140768,0.02,0.03,0.08,0.15,0.22,0.24,0.15,0.08,0.02,0.01,0.2,0.3,0.3,0.2
3713,山东省,临沂市-3713,中国,2743843,山东省,1412914089,0.5087420439235397,0.4912579560764603,0,0,0,1,0,0,0.031887238828432404,0.052115974759736436,0.06403400865231233,0.06080903762578306,0.05559953263372123,0.05771750429477103,0.06559282529739145,0.0863331018847247,0.07464933064306077,0.06544290464641266,0.0773024813400385,0.08383282460141142,0.07338070503167018,0.04659029272373545,0.047475708907026126,0.029998295246668746,0.015810195519962714,0.011428037363140768,0.02,0.03,0.08,0.15,0.22,0.24,0.15,0.08,0.02,0.01,0.2,0.3,0.3,0.2
3714,山东省,德州市-3714,中国,679535,山东省,1412914089,0.5087420439235397,0.4912579560764603,0,0,0,1,0,0,0.031887238828432404,0.052115974759736436,0.06403400865231233,0.06080903762578306,0.05559953263372123,0.05771750429477103,0.06559282529739145,0.0863331018847247,0.07464933064306077,0.06544290464641266,0.0773024813400385,0.08383282460141142,0.07338070503167018,0.04659029272373545,0.047475708907026126,0.029998295246668746,0.015810195519962714,0.011428037363140768,0.02,0.03,0.08,0.15,0.22,0.24,0.15,0.08,0.02,0.01,0.2,0.3,0.3,0.2
3715,山东省,聊城市-3715,中国,1229768,山东省,1412914089,0.5087420439235397,0.4912579560764603,0,0,0,1,0,0,0.031887238828432404,0.052115974759736436,0.06403400865231233,0.06080903762578306,0.05559953263372123,0.05771750429477103,0.06559282529739145,0.0863331018847247,0.07464933064306077,0.06544290464641266,0.0773024813400385,0.08383282460141142,0.07338070503167018,0.04659029272373545,0.047475708907026126,0.029998295246668746,0.015810195519962714,0.011428037363140768,0.02,0.03,0.08,0.15,0.22,0.24,0.15,0.08,0.02,0.01,0.2,0.3,0.3,0.2
3716,山东省,滨州市-3716,中国,682717,山东省,1412914089,0.5087420439235397,0.4912579560764603,0,0,0,1,0,0,0.031887238828432404,0.052115974759736436,0.06403400865231233,0.06080903762578306,0.05559953263372123,0.05771750429477103,0.06559282529739145,0.0863331018847247,0.07464933064306077,0.06544290464641266,0.0773024813400385,0.08383282460141142,0.07338070503167018,0.04659029272373545,0.047475708907026126,0.029998295246668746,0.015810195519962714,0.011428037363140768,0.02,0.03,0.08,0.15,0.22,0.24,0.15,0.08,0.02,0.01,0.2,0.3,0.3,0.2
3717,山东省,菏泽市-3717,中国,1346717,山东省,1412914089,0.5087420439235397,0.4912579560764603,0,0,0,1,0,0,0.031887238828432404,0.052115974759736436,0.06403400865231233,0.06080903762578306,0.05559953263372123,0.05771750429477103,0.06559282529739145,0.0863331018847247,0.07464933064306077,0.06544290464641266,0.0773024813400385,0.08383282460141142,0.07338070503167018,0.04659029272373545,0.047475708907026126,0.029998295246668746,0.015810195519962714,0.011428037363140768,0.02,0.03,0.08,0.15,0.22,0.24,0.15,0.08,0.02,0.01,0.2,0.3,0.3,0.2
4101,河南省,郑州市-4101,中国,12600574,河南省,1412914089,0.5087420439235397,0.4912579560764603,0,0,0,1,0,0,0.031887238828432404,0.052115974759736436,0.06403400865231233,0.06080903762578306,0.05559953263372123,0.05771750429477103,0.06559282529739145,0.0863331018847247,0.07464933064306077,0.06544290464641266,0.0773024813400385,0.08383282460141142,0.07338070503167018,0.04659029272373545,0.047475708907026126,0.029998295246668746,0.015810195519962714,0.011428037363140768,0.02,0.03,0.08,0.15,0.22,0.24,0.15,0.08,0.02,0.01,0.2,0.3,0.3,0.2
4102,河南省,开封市-4102,中国,1451741,河南省,1412914089,0.5087420439235397,0.4912579560764603,0,0,0,1,0,0,0.031887238828432404,0.052115974759736436,0.06403400865231233,0.06080903762578306,0.05559953263372123,0.05771750429477103,0.06559282529739145,0.0863331018847247,0.07464933064306077,0.06544290464641266,0.0773024813400385,0.08383282460141142,0.07338070503167018,0.04659029272373545,0.047475708907026126,0.029998295246668746,0.015810195519962714,0.011428037363140768,0.02,0.03,0.08,0.15,0.22,0.24,0.15,0.08,0.02,0.01,0.2,0.3,0.3,0.2
4103,河南省,洛阳市-4103,中国,1390581,河南省,1412914089,0.5087420439235397,0.4912579560764603,0,0,0,1,0,0,0.031887238828432404,0.052115974759736436,0.06403400865231233,0.06080903762578306,0.05559953263372123,0.05771750429477103,0.06559282529739145,0.0863331018847247,0.07464933064306077,0.06544290464641266,0.0773024813400385,0.08383282460141142,0.07338070503167018,0.04659029272373545,0.047475708907026126,0.029998295246668746,0.015810195519962714,0.011428037363140768,0.02,0.03,0.08,0.15,0.22,0.24,0.15,0.08,0.02,0.01,0.2,0.3,0.3,0.2
4104,河南省,平顶山市-4104,中国,979130,河南省,1412914089,0.5087420439235397,0.4912579560764603,0,0,0,1,0,0,0.031887238828432404,0.052115974759736436,0.06403400865231233,0.06080903762578306,0.05559953263372123,0.05771750429477103,0.06559282529739145,0.0863331018847247,0.07464933064306077,0.06544290464641266,0.0773024813400385,0.08383282460141142,0.07338070503167018,0.04659029272373545,0.047475708907026126,0.029998295246668746,0.015810195519962714,0.011428037363140768,0.02,0.03,0.08,0.15,0.22,0.24,0.15,0.08,0.02,0.01,0.2,0.3,0.3,0.2
4105,河南省,安阳市-4105,中国,1146839,河南省,1412914089,0.5087420439235397,0.4912579560764603,0,0,0,1,0,0,0.031887238828432404,0.052115974759736436,0.06403400865231233,0.06080903762578306,0.05559953263372123,0.05771750429477103,0.06559282529739145,0.0863331018847247,0.07464933064306077,0.06544290464641266,0.0773024813400385,0.08383282460141142,0.07338070503167018,0.04659029272373545,0.047475708907026126,0.029998295246668746,0.015810195519962714,0.011428037363140768,0.02,0.03,0.08,0.15,0.22,0.24,0.15,0.08,0.02,0.01,0.2,0.3,0.3,0.2
4106,河南省,鹤壁市-4106,中国,634721,河南省,1412914089,0.5087420439235397,0.4912579560764603,0,0,0,1,0,0,0.031887238828432404,0.052115974759736436,0.06403400865231233,0.06080903762578306,0.05559953263372123,0.05771750429477103,0.06559282529739145,0.0863331018847247,0.07464933064306077,0.06544290464641266,0.0773024813400385,0.08383282460141142,0.07338070503167018,0.04659029272373545,0.047475708907026126,0.029998295246668746,0.015810195519962714,0.011428037363140768,0.02,0.03,0.08,0.15,0.22,0.24,0.15,0.08,0.02,0.01,0.2,0.3,0.3,0.2
4107,河南省,新乡市-4107,中国,6234401,河南省,1412914089,0.5087420439235397,0.4912579560764603,0,0,0,1,0,0,0.031887238828432404,0.052115974759736436,0.06403400865231233,0.06080903762578306,0.05559953263372123,0.05771750429477103,0.06559282529739145,0.0863331018847247,0.07464933064306077,0.06544290464641266,0.0773024813400385,0.08383282460141142,0.07338070503167018,0.04659029272373545,0.047475708907026126,0.029998295246668746,0.015810195519962714,0.011428037363140768,0.02,0.03,0.08,0.15,0.22,0.24,0.15,0.08,0.02,0.01,0.2,0.3,0.3,0.2
4108,河南省,焦作市-4108,中国,865413,河南省,1412914089,0.5087420439235397,0.4912579560764603,0,0,0,1,0,0,0.031887238828432404,0.052115974759736436,0.06403400865231233,0.06080903762578306,0.05559953263372123,0.05771750429477103,0.06559282529739145,0.0863331018847247,0.07464933064306077,0.06544290464641266,0.0773024813400385,0.08383282460141142,0.07338070503167018,0.04659029272373545,0.047475708907026126,0.029998295246668746,0.015810195519962714,0.011428037363140768,0.02,0.03,0.08,0.15,0.22,0.24,0.15,0.08,0.02,0.01,0.2,0.3,0.3,0.2
4109,河南省,濮阳市-4109,中国,655674,河南省,1412914089,0.5087420439235397,0.4912579560764603,0,0,0,1,0,0,0.031887238828432404,0.052115974759736436,0.06403400865231233,0.06080903762578306,0.05559953263372123,0.05771750429477103,0.06559282529739145,0.0863331018847247,0.07464933064306077,0.06544290464641266,0.0773024813400385,0.08383282460141142,0.07338070503167018,0.04659029272373545,0.047475708907026126,0.029998295246668746,0.015810195519962714,0.011428037363140768,0.02,0.03,0.08,0.15,0.22,0.24,0.15,0.08,0.02,0.01,0.2,0.3,0.3,0.2
4110,河南省,许昌市-4110,中国,1265536,河南省,1412914089,0.5087420439235397,0.4912579560764603,0,0,0,1,0,0,0.031887238828432404,0.052115974759736436,0.06403400865231233,0.06080903762578306,0.05559953263372123,0.05771750429477103,0.06559282529739145,0.0863331018847247,0.07464933064306077,0.06544290464641266,0.0773024813400385,0.08383282460141142,0.07338070503167018,0.04659029272373545,0.047475708907026126,0.029998295246668746,0.015810195519962714,0.011428037363140768,0.02,0.03,0.08,0.15,0.22,0.24,0.15,0.08,0.02,0.01,0.2,0.3,0.3,0.2
4111,河南省,漯河市-4111,中国,1294974,河南省,1412914089,0.5087420439235397,0.4912579560764603,0,0,0,1,0,0,0.031887238828432404,0.052115974759736436,0.06403400865231233,0.06080903762578306,0.05559953263372123,0.05771750429477103,0.06559282529739145,0.0863331018847247,0.07464933064306077,0.06544290464641266,0.0773024813400385,0.08383282460141142,0.07338070503167018,0.04659029272373545,0.047475708907026126,0.029998295246668746,0.015810195519962714,0.011428037363140768,0.02,0.03,0.08,0.15,0.22,0.24,0.15,0.08,0.02,0.01,0.2,0.3,0.3,0.2
4112,河南省,三门峡市-4112,中国,147800,河南省,1412914089,0.5087420439235397,0.4912579560764603,0,0,0,1,0,0,0.031887238828432404,0.052115974759736436,0.06403400865231233,0.06080903762578306,0.05559953263372123,0.05771750429477103,0.06559282529739145,0.0863331018847247,0.07464933064306077,0.06544290464641266,0.0773024813400385,0.08383282460141142,0.07338070503167018,0.04659029272373545,0.047475708907026126,0.029998295246668746,0.015810195519962714,0.011428037363140768,0.02,0.03,0.08,0.15,0.22,0.24,0.15,0.08,0.02,0.01,0.2,0.3,0.3,0.2
4113,河南省,南阳市-4113,中国,1811812,河南省,1412914089,0.5087420439235397,0.4912579560764603,0,0,0,1,0,0,0.031887238828432404,0.052115974759736436,0.06403400865231233,0.06080903762578306,0.05559953263372123,0.05771750429477103,0.06559282529739145,0.0863331018847247,0.07464933064306077,0.06544290464641266,0.0773024813400385,0.08383282460141142,0.07338070503167018,0.04659029272373545,0.047475708907026126,0.029998295246668746,0.015810195519962714,0.011428037363140768,0.02,0.03,0.08,0.15,0.22,0.24,0.15,0.08,0.02,0.01,0.2,0.3,0.3,0.2
4114,河南省,商丘市-4114,中国,1859723,河南省,1412914089,0.5087420439235397,0.4912579560764603,0,0,0,1,0,0,0.031887238828432404,0.052115974759736436,0.06403400865231233,0.06080903762578306,0.05559953263372123,0.05771750429477103,0.06559282529739145,0.0863331018847247,0.07464933064306077,0.06544290464641266,0.0773024813400385,0.08383282460141142,0.07338070503167018,0.04659029272373545,0.047475708907026126,0.029998295246668746,0.015810195519962714,0.011428037363140768,0.02,0.03,0.08,0.15,0.22,0.24,0.15,0.08,0.02,0.01,0.2,0.3,0.3,0.2
4115,河南省,信阳市-4115,中国,72663,河南省,1412914089,0.5087420439235397,0.4912579560764603,0,0,0,1,0,0,0.031887238828432404,0.052115974759736436,0.06403400865231233,0.06080903762578306,0.05559953263372123,0.05771750429477103,0.06559282529739145,0.0863331018847247,0.07464933064306077,0.06544290464641266,0.0773024813400385,0.08383282460141142,0.07338070503167018,0.04659029272373545,0.047475708907026126,0.029998295246668746,0.015810195519962714,0.011428037363140768,0.02,0.03,0.08,0.15,0.22,0.24,0.15,0.08,0.02,0.01,0.2,0.3,0.3,0.2
4116,河南省,周口市-4116,中国,505171,河南省,1412914089,0.5087420439235397,0.4912579560764603,0,0,0,1,0,0,0.031887238828432404,0.052115974759736436,0.06403400865231233,0.06080903762578306,0.05559953263372123,0.05771750429477103,0.06559282529739145,0.0863331018847247,0.07464933064306077,0.06544290464641266,0.0773024813400385,0.08383282460141142,0.07338070503167018,0.04659029272373545,0.047475708907026126,0.029998295246668746,0.015810195519962714,0.011428037363140768,0.02,0.03,0.08,0.15,0.22,0.24,0.15,0.08,0.02,0.01,0.2,0.3,0.3,0.2
4117,河南省,驻马店市-4117,中国,721670,河南省,1412914089,0.5087420439235397,0.4912579560764603,0,0,0,1,0,0,0.031887238828432404,0.052115974759736436,0.06403400865231233,0.06080903762578306,0.05559953263372123,0.05771750429477103,0.06559282529739145,0.0863331018847247,0.07464933064306077,0.06544290464641266,0.0773024813400385,0.08383282460141142,0.07338070503167018,0.04659029272373545,0.047475708907026126,0.029998295246668746,0.015810195519962714,0.011428037363140768,0.02,0.03,0.08,0.15,0.22,0.24,0.15,0.08,0.02,0.01,0.2,0.3,0.3,0.2
4201,湖北省,武汉市-4201,中国,13739000,湖北省,1412914089,0.5087420439235397,0.4912579560764603,0,0,0,1,0,0,0.031887238828432404,0.052115974759736436,0.06403400865231233,0.06080903762578306,0.05559953263372123,0.05771750429477103,0.06559282529739145,0.0863331018847247,0.07464933064306077,0.06544290464641266,0.0773024813400385,0.08383282460141142,0.07338070503167018,0.04659029272373545,0.047475708907026126,0.029998295246668746,0.015810195519962714,0.011428037363140768,0.02,0.03,0.08,0.15,0.22,0.24,0.15,0.08,0.02,0.01,0.2,0.3,0.3,0.2
4202,湖北省,黄石市-4202,中国,871214,湖北省,1412914089,0.5087420439235397,0.4912579560764603,0,0,0,1,0,0,0.031887238828432404,0.052115974759736436,0.06403400865231233,0.06080903762578306,0.05559953263372123,0.05771750429477103,0.06559282529739145,0.0863331018847247,0.07464933064306077,0.06544290464641266,0.0773024813400385,0.08383282460141142,0.07338070503167018,0.04659029272373545,0.047475708907026126,0.029998295246668746,0.015810195519962714,0.011428037363140768,0.02,0.03,0.08,0.15,0.22,0.24,0.15,0.08,0.02,0.01,0.2,0.3,0.3,0.2
4203,湖北省,十堰市-4203,中国,3460000,湖北省,1412914089,0.5087420439235397,0.4912579560764603,0,0,0,1,0,0,0.031887238828432404,0.052115974759736436,0.06403400865231233,0.06080903762578306,0.05559953263372123,0.05771750429477103,0.06559282529739145,0.0863331018847247,0.07464933064306077,0.06544290464641266,0.0773024813400385,0.08383282460141142,0.07338070503167018,0.04659029272373545,0.047475708907026126,0.029998295246668746,0.015810195519962714,0.011428037363140768,0.02,0.03,0.08,0.15,0.22,0.24,0.15,0.08,0.02,0.01,0.2,0.3,0.3,0.2
4205,湖北省,宜昌市-4205,中国,1350150,湖北省,1412914089,0.5087420439235397,0.4912579560764603,0,0,0,1,0,0,0.031887238828432404,0.052115974759736436,0.06403400865231233,0.06080903762578306,0.05559953263372123,0.05771750429477103,0.06559282529739145,0.0863331018847247,0.07464933064306077,0.06544290464641266,0.0773024813400385,0.08383282460141142,0.07338070503167018,0.04659029272373545,0.047475708907026126,0.029998295246668746,0.015810195519962714,0.011428037363140768,0.02,0.03,0.08,0.15,0.22,0.24,0.15,0.08,0.02,0.01,0.2,0.3,0.3,0.2
4206,湖北省,襄阳市-4206,中国,1294733,湖北省,1412914089,0.5087420439235397,0.4912579560764603,0,0,0,1,0,0,0.031887238828432404,0.052115974759736436,0.06403400865231233,0.06080903762578306,0.05559953263372123,0.05771750429477103,0.06559282529739145,0.0863331018847247,0.07464933064306077,0.06544290464641266,0.0773024813400385,0.08383282460141142,0.07338070503167018,0.04659029272373545,0.047475708907026126,0.029998295246668746,0.015810195519962714,0.011428037363140768,0.02,0.03,0.08,0.15,0.22,0.24,0.15,0.08,0.02,0.01,0.2,0.3,0.3,0.2
4207,湖北省,鄂州市-4207,中国,122563,湖北省,1412914089,0.5087420439235397,0.4912579560764603,0,0,0,1,0,0,0.031887238828432404,0.052115974759736436,0.06403400865231233,0.06080903762578306,0.05559953263372123,0.05771750429477103,0.06559282529739145,0.0863331018847247,0.07464933064306077,0.06544290464641266,0.0773024813400385,0.08383282460141142,0.07338070503167018,0.04659029272373545,0.047475708907026126,0.029998295246668746,0.015810195519962714,0.011428037363140768,0.02,0.03,0.08,0.15,0.22,0.24,0.15,0.08,0.02,0.01,0.2,0.3,0.3,0.2
4208,湖北省,荆门市-4208,中国,868897,湖北省,1412914089,0.5087420439235397,0.4912579560764603,0,0,0,1,0,0,0.031887238828432404,0.052115974759736436,0.06403400865231233,0.06080903762578306,0.05559953263372123,0.05771750429477103,0.06559282529739145,0.0863331018847247,0.07464933064306077,0.06544290464641266,0.0773024813400385,0.08383282460141142,0.07338070503167018,0.04659029272373545,0.047475708907026126,0.029998295246668746,0.015810195519962714,0.011428037363140768,0.02,0.03,0.08,0.15,0.22,0.24,0.15,0.08,0.02,0.01,0.2,0.3,0.3,0.2
4209,湖北省,孝感市-4209,中国,908266,湖北省,1412914089,0.5087420439235397,0.4912579560764603,0,0,0,1,0,0,0.031887238828432404,0.052115974759736436,0.06403400865231233,0.06080903762578306,0.05559953263372123,0.05771750429477103,0.06559282529739145,0.0863331018847247,0.07464933064306077,0.06544290464641266,0.0773024813400385,0.08383282460141142,0.07338070503167018,0.04659029272373545,0.047475708907026126,0.029998295246668746,0.015810195519962714,0.011428037363140768,0.02,0.03,0.08,0.15,0.22,0.24,0.15,0.08,0.02,0.01,0.2,0.3,0.3,0.2
4210,湖北省,荆州市-4210,中国,1052282,湖北省,1412914089,0.5087420439235397,0.4912579560764603,0,0,0,1,0,0,0.031887238828432404,0.052115974759736436,0.06403400865231233,0.06080903762578306,0.05559953263372123,0.05771750429477103,0.06559282529739145,0.0863331018847247,0.07464933064306077,0.06544290464641266,0.0773024813400385,0.08383282460141142,0.07338070503167018,0.04659029272373545,0.047475708907026126,0.029998295246668746,0.015810195519962714,0.011428037363140768,0.02,0.03,0.08,0.15,0.22,0.24,0.15,0.08,0.02,0.01,0.2,0.3,0.3,0.2
4211,湖北省,黄冈市-4211,中国,893654,湖北省,1412914089,0.5087420439235397,0.4912579560764603,0,0,0,1,0,0,0.031887238828432404,0.052115974759736436,0.06403400865231233,0.06080903762578306,0.05559953263372123,0.05771750429477103,0.06559282529739145,0.0863331018847247,0.07464933064306077,0.06544290464641266,0.0773024813400385,0.08383282460141142,0.07338070503167018,0.04659029272373545,0.047475708907026126,0.029998295246668746,0.015810195519962714,0.011428037363140768,0.02,0.03,0.08,0.15,0.22,0.24,0.15,0.08,0.02,0.01,0.2,0.3,0.3,0.2
4212,湖北省,咸宁市-4212,中国,512517,湖北省,1412914089,0.5087420439235397,0.4912579560764603,0,0,0,1,0,0,0.031887238828432404,0.052115974759736436,0.06403400865231233,0.06080903762578306,0.05559953263372123,0.05771750429477103,0.06559282529739145,0.0863331018847247,0.07464933064306077,0.06544290464641266,0.0773024813400385,0.08383282460141142,0.07338070503167018,0.04659029272373545,0.047475708907026126,0.029998295246668746,0.015810195519962714,0.011428037363140768,0.02,0.03,0.08,0.15,0.22,0.24,0.15,0.08,0.02,0.01,0.2,0.3,0.3,0.2
4213,湖北省,随州市-4213,中国,618582,湖北省,1412914089,0.5087420439235397,0.4912579560764603,0,0,0,1,0,0,0.031887238828432404,0.052115974759736436,0.06403400865231233,0.06080903762578306,0.05559953263372123,0.05771750429477103,0.06559282529739145,0.0863331018847247,0.07464933064306077,0.06544290464641266,0.0773024813400385,0.08383282460141142,0.07338070503167018,0.04659029272373545,0.047475708907026126,0.029998295246668746,0.015810195519962714,0.011428037363140768,0.02,0.03,0.08,0.15,0.22,0.24,0.15,0.08,0.02,0.01,0.2,0.3,0.3,0.2
4228,湖北省,恩施土家族苗族自治州-4228,中国,279185,湖北省,1412914089,0.5087420439235397,0.4912579560764603,0,0,0,1,0,0,0.031887238828432404,0.052115974759736436,0.06403400865231233,0.06080903762578306,0.05559953263372123,0.05771750429477103,0.06559282529739145,0.0863331018847247,0.07464933064306077,0.06544290464641266,0.0773024813400385,0.08383282460141142,0.07338070503167018,0.04659029272373545,0.047475708907026126,0.029998295246668746,0.015810195519962714,0.011428037363140768,0.02,0.03,0.08,0.15,0.22,0.24,0.15,0.08,0.02,0.01,0.2,0.3,0.3,0.2
4301,湖南省,长沙市-4301,中国,3093980,湖南省,1412914089,0.5087420439235397,0.4912579560764603,0,0,0,1,0,0,0.031887238828432404,0.052115974759736436,0.06403400865231233,0.06080903762578306,0.05559953263372123,0.05771750429477103,0.06559282529739145,0.0863331018847247,0.07464933064306077,0.06544290464641266,0.0773024813400385,0.08383282460141142,0.07338070503167018,0.04659029272373545,0.047475708907026126,0.029998295246668746,0.015810195519962714,0.011428037363140768,0.02,0.03,0.08,0.15,0.22,0.24,0.15,0.08,0.02,0.01,0.2,0.3,0.3,0.2
4302,湖南省,株洲市-4302,中国,1129687,湖南省,1412914089,0.5087420439235397,0.4912579560764603,0,0,0,1,0,0,0.031887238828432404,0.052115974759736436,0.06403400865231233,0.06080903762578306,0.05559953263372123,0.05771750429477103,0.06559282529739145,0.0863331018847247,0.07464933064306077,0.06544290464641266,0.0773024813400385,0.08383282460141142,0.07338070503167018,0.04659029272373545,0.047475708907026126,0.029998295246668746,0.015810195519962714,0.011428037363140768,0.02,0.03,0.08,0.15,0.22,0.24,0.15,0.08,0.02,0.01,0.2,0.3,0.3,0.2
4303,湖南省,湘潭市-4303,中国,959303,湖南省,1412914089,0.5087420439235397,0.4912579560764603,0,0,0,1,0,0,0.031887238828432404,0.052115974759736436,0.06403400865231233,0.06080903762578306,0.05559953263372123,0.05771750429477103,0.06559282529739145,0.0863331018847247,0.07464933064306077,0.06544290464641266,0.0773024813400385,0.08383282460141142,0.07338070503167018,0.04659029272373545,0.047475708907026126,0.029998295246668746,0.015810195519962714,0.011428037363140768,0.02,0.03,0.08,0.15,0.22,0.24,0.15,0.08,0.02,0.01,0.2,0.3,0.3,0.2
4304,湖南省,衡阳市-4304,中国,1075516,湖南省,1412914089,0.5087420439235397,0.4912579560764603,0,0,0,1,0,0,0.031887238828432404,0.052115974759736436,0.06403400865231233,0.06080903762578306,0.05559953263372123,0.05771750429477103,0.06559282529739145,0.0863331018847247,0.07464933064306077,0.06544290464641266,0.0773024813400385,0.08383282460141142,0.07338070503167018,0.04659029272373545,0.047475708907026126,0.029998295246668746,0.015810195519962714,0.011428037363140768,0.02,0.03,0.08,0.15,0.22,0.24,0.15,0.08,0.02,0.01,0.2,0.3,0.3,0.2
4305,湖南省,邵阳市-4305,中国,753194,湖南省,1412914089,0.5087420439235397,0.4912579560764603,0,0,0,1,0,0,0.031887238828432404,0.052115974759736436,0.06403400865231233,0.06080903762578306,0.05559953263372123,0.05771750429477103,0.06559282529739145,0.0863331018847247,0.07464933064306077,0.06544290464641266,0.0773024813400385,0.08383282460141142,0.07338070503167018,0.04659029272373545,0.047475708907026126,0.029998295246668746,0.015810195519962714,0.011428037363140768,0.02,0.03,0.08,0.15,0.22,0.24,0.15,0.08,0.02,0.01,0.2,0.3,0.3,0.2
4306,湖南省,岳阳市-4306,中国,991465,湖南省,1412914089,0.5087420439235397,0.4912579560764603,0,0,0,1,0,0,0.031887238828432404,0.052115974759736436,0.06403400865231233,0.06080903762578306,0.05559953263372123,0.05771750429477103,0.06559282529739145,0.0863331018847247,0.07464933064306077,0.06544290464641266,0.0773024813400385,0.08383282460141142,0.07338070503167018,0.04659029272373545,0.047475708907026126,0.029998295246668746,0.015810195519962714,0.011428037363140768,0.02,0.03,0.08,0.15,0.22,0.24,0.15,0.08,0.02,0.01,0.2,0.3,0.3,0.2
4307,湖南省,常德市-4307,中国,1457419,湖南省,1412914089,0.5087420439235397,0.4912579560764603,0,0,0,1,0,0,0.031887238828432404,0.052115974759736436,0.06403400865231233,0.06080903762578306,0.05559953263372123,0.05771750429477103,0.06559282529739145,0.0863331018847247,0.07464933064306077,0.06544290464641266,0.0773024813400385,0.08383282460141142,0.07338070503167018,0.04659029272373545,0.047475708907026126,0.029998295246668746,0.015810195519962714,0.011428037363140768,0.02,0.03,0.08,0.15,0.22,0.24,0.15,0.08,0.02,0.01,0.2,0.3,0.3,0.2
4308,湖南省,张家界市-4308,中国,441804,湖南省,1412914089,0.5087420439235397,0.4912579560764603,0,0,0,1,0,0,0.031887238828432404,0.052115974759736436,0.06403400865231233,0.06080903762578306,0.05559953263372123,0.05771750429477103,0.06559282529739145,0.0863331018847247,0.07464933064306077,0.06544290464641266,0.0773024813400385,0.08383282460141142,0.07338070503167018,0.04659029272373545,0.047475708907026126,0.029998295246668746,0.015810195519962714,0.011428037363140768,0.02,0.03,0.08,0.15,0.22,0.24,0.15,0.08,0.02,0.01,0.2,0.3,0.3,0.2
4309,湖南省,益阳市-4309,中国,1249807,湖南省,1412914089,0.5087420439235397,0.4912579560764603,0,0,0,1,0,0,0.031887238828432404,0.052115974759736436,0.06403400865231233,0.06080903762578306,0.05559953263372123,0.05771750429477103,0.06559282529739145,0.0863331018847247,0.07464933064306077,0.06544290464641266,0.0773024813400385,0.08383282460141142,0.07338070503167018,0.04659029272373545,0.047475708907026126,0.029998295246668746,0.015810195519962714,0.011428037363140768,0.02,0.03,0.08,0.15,0.22,0.24,0.15,0.08,0.02,0.01,0.2,0.3,0.3,0.2
4310,湖南省,郴州市-4310,中国,822534,湖南省,1412914089,0.5087420439235397,0.4912579560764603,0,0,0,1,0,0,0.031887238828432404,0.052115974759736436,0.06403400865231233,0.06080903762578306,0.05559953263372123,0.05771750429477103,0.06559282529739145,0.0863331018847247,0.07464933064306077,0.06544290464641266,0.0773024813400385,0.08383282460141142,0.07338070503167018,0.04659029272373545,0.047475708907026126,0.029998295246668746,0.015810195519962714,0.011428037363140768,0.02,0.03,0.08,0.15,0.22,0.24,0.15,0.08,0.02,0.01,0.2,0.3,0.3,0.2
4311,湖南省,永州市-4311,中国,1020715,湖南省,1412914089,0.5087420439235397,0.4912579560764603,0,0,0,1,0,0,0.031887238828432404,0.052115974759736436,0.06403400865231233,0.06080903762578306,0.05559953263372123,0.05771750429477103,0.06559282529739145,0.0863331018847247,0.07464933064306077,0.06544290464641266,0.0773024813400385,0.08383282460141142,0.07338070503167018,0.04659029272373545,0.047475708907026126,0.029998295246668746,0.015810195519962714,0.011428037363140768,0.02,0.03,0.08,0.15,0.22,0.24,0.15,0.08,0.02,0.01,0.2,0.3,0.3,0.2
4312,湖南省,怀化市-4312,中国,552622,湖南省,1412914089,0.5087420439235397,0.4912579560764603,0,0,0,1,0,0,0.031887238828432404,0.052115974759736436,0.06403400865231233,0.06080903762578306,0.05559953263372123,0.05771750429477103,0.06559282529739145,0.0863331018847247,0.07464933064306077,0.06544290464641266,0.0773024813400385,0.08383282460141142,0.07338070503167018,0.04659029272373545,0.047475708907026126,0.029998295246668746,0.015810195519962714,0.011428037363140768,0.02,0.03,0.08,0.15,0.22,0.24,0.15,0.08,0.02,0.01,0.2,0.3,0.3,0.2
4313,湖南省,娄底市-4313,中国,497171,湖南省,1412914089,0.5087420439235397,0.4912579560764603,0,0,0,1,0,0,0.031887238828432404,0.052115974759736436,0.06403400865231233,0.06080903762578306,0.05559953263372123,0.05771750429477103,0.06559282529739145,0.0863331018847247,0.07464933064306077,0.06544290464641266,0.0773024813400385,0.08383282460141142,0.07338070503167018,0.04659029272373545,0.047475708907026126,0.029998295246668746,0.015810195519962714,0.011428037363140768,0.02,0.03,0.08,0.15,0.22,0.24,0.15,0.08,0.02,0.01,0.2,0.3,0.3,0.2
4331,湖南省,湘西土家族苗族自治州-4331,中国,370000,湖南省,1412914089,0.5087420439235397,0.4912579560764603,0,0,0,1,0,0,0.031887238828432404,0.052115974759736436,0.06403400865231233,0.06080903762578306,0.05559953263372123,0.05771750429477103,0.06559282529739145,0.0863331018847247,0.07464933064306077,0.06544290464641266,0.0773024813400385,0.08383282460141142,0.07338070503167018,0.04659029272373545,0.047475708907026126,0.029998295246668746,0.015810195519962714,0.011428037363140768,0.02,0.03,0.08,0.15,0.22,0.24,0.15,0.08,0.02,0.01,0.2,0.3,0.3,0.2
4401,广东省,广州市-4401,中国,18676605,广东省,1412914089,0.5087420439235397,0.4912579560764603,0,0,0,1,0,0,0.031887238828432404,0.052115974759736436,0.06403400865231233,0.06080903762578306,0.05559953263372123,0.05771750429477103,0.06559282529739145,0.0863331018847247,0.07464933064306077,0.06544290464641266,0.0773024813400385,0.08383282460141142,0.07338070503167018,0.04659029272373545,0.047475708907026126,0.029998295246668746,0.015810195519962714,0.011428037363140768,0.02,0.03,0.08,0.15,0.22,0.24,0.15,0.08,0.02,0.01,0.2,0.3,0.3,0.2
4402,广东省,韶关市-4402,中国,1028460,广东省,1412914089,0.5087420439235397,0.4912579560764603,0,0,0,1,0,0,0.031887238828432404,0.052115974759736436,0.06403400865231233,0.06080903762578306,0.05559953263372123,0.05771750429477103,0.06559282529739145,0.0863331018847247,0.07464933064306077,0.06544290464641266,0.0773024813400385,0.08383282460141142,0.07338070503167018,0.04659029272373545,0.047475708907026126,0.029998295246668746,0.015810195519962714,0.011428037363140768,0.02,0.03,0.08,0.15,0.22,0.24,0.15,0.08,0.02,0.01,0.2,0.3,0.3,0.2
4403,广东省,深圳市-4403,中国,17494398,广东省,1412914089,0.5087420439235397,0.4912579560764603,0,0,0,1,0,0,0.031887238828432404,0.052115974759736436,0.06403400865231233,0.06080903762578306,0.05559953263372123,0.05771750429477103,0.06559282529739145,0.0863331018847247,0.07464933064306077,0.06544290464641266,0.0773024813400385,0.08383282460141142,0.07338070503167018,0.04659029272373545,0.047475708907026126,0.029998295246668746,0.015810195519962714,0.011428037363140768,0.02,0.03,0.08,0.15,0.22,0.24,0.15,0.08,0.02,0.01,0.2,0.3,0.3,0.2
4404,广东省,珠海市-4404,中国,2207090,广东省,1412914089,0.5087420439235397,0.4912579560764603,0,0,0,1,0,0,0.031887238828432404,0.052115974759736436,0.06403400865231233,0.06080903762578306,0.05559953263372123,0.05771750429477103,0.06559282529739145,0.0863331018847247,0.07464933064306077,0.06544290464641266,0.0773024813400385,0.08383282460141142,0.07338070503167018,0.04659029272373545,0.047475708907026126,0.029998295246668746,0.015810195519962714,0.011428037363140768,0.02,0.03,0.08,0.15,0.22,0.24,0.15,0.08,0.02,0.01,0.2,0.3,0.3,0.2
4405,广东省,汕头市-4405,中国,3838900,广东省,1412914089,0.5087420439235397,0.4912579560764603,0,0,0,1,0,0,0.031887238828432404,0.052115974759736436,0.06403400865231233,0.06080903762578306,0.05559953263372123,0.05771750429477103,0.06559282529739145,0.0863331018847247,0.07464933064306077,0.06544290464641266,0.0773024813400385,0.08383282460141142,0.07338070503167018,0.04659029272373545,0.047475708907026126,0.029998295246668746,0.015810195519962714,0.011428037363140768,0.02,0.03,0.08,0.15,0.22,0.24,0.15,0.08,0.02,0.01,0.2,0.3,0.3,0.2
4406,广东省,佛山市-4406,中国,9042509,广东省,1412914089,0.5087420439235397,0.4912579560764603,0,0,0,1,0,0,0.031887238828432404,0.052115974759736436,0.06403400865231233,0.06080903762578306,0.05559953263372123,0.05771750429477103,0.06559282529739145,0.0863331018847247,0.07464933064306077,0.06544290464641266,0.0773024813400385,0.08383282460141142,0.07338070503167018,0.04659029272373545,0.047475708907026126,0.029998295246668746,0.015810195519962714,0.011428037363140768,0.02,0.03,0.08,0.15,0.22,0.24,0.15,0.08,0.02,0.01,0.2,0.3,0.3,0.2
4407,广东省,江门市-4407,中国,1795459,广东省,1412914089,0.5087420439235397,0.4912579560764603,0,0,0,1,0,0,0.031887238828432404,0.052115974759736436,0.06403400865231233,0.06080903762578306,0.05559953263372123,0.05771750429477103,0.06559282529739145,0.0863331018847247,0.07464933064306077,0.06544290464641266,0.0773024813400385,0.08383282460141142,0.07338070503167018,0.04659029272373545,0.047475708907026126,0.029998295246668746,0.015810195519962714,0.011428037363140768,0.02,0.03,0.08,0.15,0.22,0.24,0.15,0.08,0.02,0.01,0.2,0.3,0.3,0.2
4408,广东省,湛江市-4408,中国,1400709,广东省,1412914089,0.5087420439235397,0.4912579560764603,0,0,0,1,0,0,0.031887238828432404,0.052115974759736436,0.06403400865231233,0.06080903762578306,0.05559953263372123,0.05771750429477103,0.06559282529739145,0.0863331018847247,0.07464933064306077,0.06544290464641266,0.0773024813400385,0.08383282460141142,0.07338070503167018,0.04659029272373545,0.047475708907026126,0.029998295246668746,0.015810195519962714,0.011428037363140768,0.02,0.03,0.08,0.15,0.22,0.24,0.15,0.08,0.02,0.01,0.2,0.3,0.3,0.2
4409,广东省,茂名市-4409,中国,1328658,广东省,1412914089,0.5087420439235397,0.4912579560764603,0,0,0,1,0,0,0.031887238828432404,0.052115974759736436,0.06403400865231233,0.06080903762578306,0.05559953263372123,0.05771750429477103,0.06559282529739145,0.0863331018847247,0.07464933064306077,0.06544290464641266,0.0773024813400385,0.08383282460141142,0.07338070503167018,0.04659029272373545,0.047475708907026126,0.029998295246668746,0.015810195519962714,0.011428037363140768,0.02,0.03,0.08,0.15,0.22,0.24,0.15,0.08,0.02,0.01,0.2,0.3,0.3,0.2
4412,广东省,肇庆市-4412,中国,1553109,广东省,1412914089,0.5087420439235397,0.4912579560764603,0,0,0,1,0,0,0.031887238828432404,0.052115974759736436,0.06403400865231233,0.06080903762578306,0.05559953263372123,0.05771750429477103,0.06559282529739145,0.0863331018847247,0.07464933064306077,0.06544290464641266,0.0773024813400385,0.08383282460141142,0.07338070503167018,0.04659029272373545,0.047475708907026126,0.029998295246668746,0.015810195519962714,0.011428037363140768,0.02,0.03,0.08,0.15,0.22,0.24,0.15,0.08,0.02,0.01,0.2,0.3,0.3,0.2
4413,广东省,惠州市-4413,中国,2900113,广东省,1412914089,0.5087420439235397,0.4912579560764603,0,0,0,1,0,0,0.031887238828432404,0.052115974759736436,0.06403400865231233,0.06080903762578306,0.05559953263372123,0.05771750429477103,0.06559282529739145,0.0863331018847247,0.07464933064306077,0.06544290464641266,0.0773024813400385,0.08383282460141142,0.07338070503167018,0.04659029272373545,0.047475708907026126,0.029998295246668746,0.015810195519962714,0.011428037363140768,0.02,0.03,0.08,0.15,0.22,0.24,0.15,0.08,0.02,0.01,0.2,0.3,0.3,0.2
4414,广东省,梅州市-4414,中国,992351,广东省,1412914089,0.5087420439235397,0.4912579560764603,0,0,0,1,0,0,0.031887238828432404,0.052115974759736436,0.06403400865231233,0.06080903762578306,0.05559953263372123,0.05771750429477103,0.06559282529739145,0.0863331018847247,0.07464933064306077,0.06544290464641266,0.0773024813400385,0.08383282460141142,0.07338070503167018,0.04659029272373545,0.047475708907026126,0.029998295246668746,0.015810195519962714,0.011428037363140768,0.02,0.03,0.08,0.15,0.22,0.24,0.15,0.08,0.02,0.01,0.2,0.3,0.3,0.2
4415,广东省,汕尾市-4415,中国,491766,广东省,1412914089,0.5087420439235397,0.4912579560764603,0,0,0,1,0,0,0.031887238828432404,0.052115974759736436,0.06403400865231233,0.06080903762578306,0.05559953263372123,0.05771750429477103,0.06559282529739145,0.0863331018847247,0.07464933064306077,0.06544290464641266,0.0773024813400385,0.08383282460141142,0.07338070503167018,0.04659029272373545,0.047475708907026126,0.029998295246668746,0.015810195519962714,0.011428037363140768,0.02,0.03,0.08,0.15,0.22,0.24,0.15,0.08,0.02,0.01,0.2,0.3,0.3,0.2
4416,广东省,河源市-4416,中国,463907,广东省,1412914089,0.5087420439235397,0.4912579560764603,0,0,0,1,0,0,0.031887238828432404,0.052115974759736436,0.06403400865231233,0.06080903762578306,0.05559953263372123,0.05771750429477103,0.06559282529739145,0.0863331018847247,0.07464933064306077,0.06544290464641266,0.0773024813400385,0.08383282460141142,0.07338070503167018,0.04659029272373545,0.047475708907026126,0.029998295246668746,0.015810195519962714,0.011428037363140768,0.02,0.03,0.08,0.15,0.22,0.24,0.15,0.08,0.02,0.01,0.2,0.3,0.3,0.2
4417,广东省,阳江市-4417,中国,1292987,广东省,1412914089,0.5087420439235397,0.4912579560764603,0,0,0,1,0,0,0.031887238828432404,0.052115974759736436,0.06403400865231233,0.06080903762578306,0.05559953263372123,0.05771750429477103,0.06559282529739145,0.0863331018847247,0.07464933064306077,0.06544290464641266,0.0773024813400385,0.08383282460141142,0.07338070503167018,0.04659029272373545,0.047475708907026126,0.029998295246668746,0.015810195519962714,0.011428037363140768,0.02,0.03,0.08,0.15,0.22,0.24,0.15,0.08,0.02,0.01,0.2,0.3,0.3,0.2
4418,广东省,清远市-4418,中国,1738424,广东省,1412914089,0.5087420439235397,0.4912579560764603,0,0,0,1,0,0,0.031887238828432404,0.052115974759736436,0.06403400865231233,0.06080903762578306,0.05559953263372123,0.05771750429477103,0.06559282529739145,0.0863331018847247,0.07464933064306077,0.06544290464641266,0.0773024813400385,0.08383282460141142,0.07338070503167018,0.04659029272373545,0.047475708907026126,0.029998295246668746,0.015810195519962714,0.011428037363140768,0.02,0.03,0.08,0.15,0.22,0.24,0.15,0.08,0.02,0.01,0.2,0.3,0.3,0.2
4419,广东省,东莞市-4419,中国,9644871,广东省,1412914089,0.5087420439235397,0.4912579560764603,0,0,0,1,0,0,0.031887238828432404,0.052115974759736436,0.06403400865231233,0.06080903762578306,0.05559953263372123,0.05771750429477103,0.06559282529739145,0.0863331018847247,0.07464933064306077,0.06544290464641266,0.0773024813400385,0.08383282460141142,0.07338070503167018,0.04659029272373545,0.047475708907026126,0.029998295246668746,0.015810195519962714,0.011428037363140768,0.02,0.03,0.08,0.15,0.22,0.24,0.15,0.08,0.02,0.01,0.2,0.3,0.3,0.2
4420,广东省,中山市-4420,中国,3841873,广东省,1412914089,0.5087420439235397,0.4912579560764603,0,0,0,1,0,0,0.031887238828432404,0.052115974759736436,0.06403400865231233,0.06080903762578306,0.05559953263372123,0.05771750429477103,0.06559282529739145,0.0863331018847247,0.07464933064306077,0.06544290464641266,0.0773024813400385,0.08383282460141142,0.07338070503167018,0.04659029272373545,0.047475708907026126,0.029998295246668746,0.015810195519962714,0.011428037363140768,0.02,0.03,0.08,0.15,0.22,0.24,0.15,0.08,0.02,0.01,0.2,0.3,0.3,0.2
4451,广东省,潮州市-4451,中国,1750945,广东省,1412914089,0.5087420439235397,0.4912579560764603,0,0,0,1,0,0,0.031887238828432404,0.052115974759736436,0.06403400865231233,0.06080903762578306,0.05559953263372123,0.05771750429477103,0.06559282529739145,0.0863331018847247,0.07464933064306077,0.06544290464641266,0.0773024813400385,0.08383282460141142,0.07338070503167018,0.04659029272373545,0.047475708907026126,0.029998295246668746,0.015810195519962714,0.011428037363140768,0.02,0.03,0.08,0.15,0.22,0.24,0.15,0.08,0.02,0.01,0.2,0.3,0.3,0.2
4452,广东省,揭阳市-4452,中国,1998619,广东省,1412914089,0.5087420439235397,0.4912579560764603,0,0,0,1,0,0,0.031887238828432404,0.052115974759736436,0.06403400865231233,0.06080903762578306,0.05559953263372123,0.05771750429477103,0.06559282529739145,0.0863331018847247,0.07464933064306077,0.06544290464641266,0.0773024813400385,0.08383282460141142,0.07338070503167018,0.04659029272373545,0.047475708907026126,0.029998295246668746,0.015810195519962714,0.011428037363140768,0.02,0.03,0.08,0.15,0.22,0.24,0.15,0.08,0.02,0.01,0.2,0.3,0.3,0.2
4453,广东省,云浮市-4453,中国,2612800,广东省,1412914089,0.5087420439235397,0.4912579560764603,0,0,0,1,0,0,0.031887238828432404,0.052115974759736436,0.06403400865231233,0.06080903762578306,0.05559953263372123,0.05771750429477103,0.06559282529739145,0.0863331018847247,0.07464933064306077,0.06544290464641266,0.0773024813400385,0.08383282460141142,0.07338070503167018,0.04659029272373545,0.047475708907026126,0.029998295246668746,0.015810195519962714,0.011428037363140768,0.02,0.03,0.08,0.15,0.22,0.24,0.15,0.08,0.02,0.01,0.2,0.3,0.3,0.2
4501,广西壮族自治区,南宁市-4501,中国,8741584,广西壮族自治区,1412914089,0.5087420439235397,0.4912579560764603,0,0,0,1,0,0,0.031887238828432404,0.052115974759736436,0.06403400865231233,0.06080903762578306,0.05559953263372123,0.05771750429477103,0.06559282529739145,0.0863331018847247,0.07464933064306077,0.06544290464641266,0.0773024813400385,0.08383282460141142,0.07338070503167018,0.04659029272373545,0.047475708907026126,0.029998295246668746,0.015810195519962714,0.011428037363140768,0.02,0.03,0.08,0.15,0.22,0.24,0.15,0.08,0.02,0.01,0.2,0.3,0.3,0.2
4502,广西壮族自治区,柳州市-4502,中国,1436599,广西壮族自治区,1412914089,0.5087420439235397,0.4912579560764603,0,0,0,1,0,0,0.031887238828432404,0.052115974759736436,0.06403400865231233,0.06080903762578306,0.05559953263372123,0.05771750429477103,0.06559282529739145,0.0863331018847247,0.07464933064306077,0.06544290464641266,0.0773024813400385,0.08383282460141142,0.07338070503167018,0.04659029272373545,0.047475708907026126,0.029998295246668746,0.015810195519962714,0.011428037363140768,0.02,0.03,0.08,0.15,0.22,0.24,0.15,0.08,0.02,0.01,0.2,0.3,0.3,0.2
4503,广西壮族自治区,桂林市-4503,中国,1572300,广西壮族自治区,1412914089,0.5087420439235397,0.4912579560764603,0,0,0,1,0,0,0.031887238828432404,0.052115974759736436,0.06403400865231233,0.06080903762578306,0.05559953263372123,0.05771750429477103,0.06559282529739145,0.0863331018847247,0.07464933064306077,0.06544290464641266,0.0773024813400385,0.08383282460141142,0.07338070503167018,0.04659029272373545,0.047475708907026126,0.029998295246668746,0.015810195519962714,0.011428037363140768,0.02,0.03,0.08,0.15,0.22,0.24,0.15,0.08,0.02,0.01,0.2,0.3,0.3,0.2
4504,广西壮族自治区,梧州市-4504,中国,761948,广西壮族自治区,1412914089,0.5087420439235397,0.4912579560764603,0,0,0,1,0,0,0.031887238828432404,0.052115974759736436,0.06403400865231233,0.06080903762578306,0.05559953263372123,0.05771750429477103,0.06559282529739145,0.0863331018847247,0.07464933064306077,0.06544290464641266,0.0773024813400385,0.08383282460141142,0.07338070503167018,0.04659029272373545,0.047475708907026126,0.029998295246668746,0.015810195519962714,0.011428037363140768,0.02,0.03,0.08,0.15,0.22,0.24,0.15,0.08,0.02,0.01,0.2,0.3,0.3,0.2
4505,广西壮族自治区,北海市-4505,中国,525329,广西壮族自治区,1412914089,0.5087420439235397,0.4912579560764603,0,0,0,1,0,0,0.031887238828432404,0.052115974759736436,0.06403400865231233,0.06080903762578306,0.05559953263372123,0.05771750429477103,0.06559282529739145,0.0863331018847247,0.07464933064306077,0.06544290464641266,0.0773024813400385,0.08383282460141142,0.07338070503167018,0.04659029272373545,0.047475708907026126,0.029998295246668746,0.015810195519962714,0.011428037363140768,0.02,0.03,0.08,0.15,0.22,0.24,0.15,0.08,0.02,0.01,0.2,0.3,0.3,0.2
4506,广西壮族自治区,防城港市-4506,中国,276315,广西壮族自治区,1412914089,0.5087420439235397,0.4912579560764603,0,0,0,1,0,0,0.031887238828432404,0.052115974759736436,0.06403400865231233,0.06080903762578306,0.05559953263372123,0.05771750429477103,0.06559282529739145,0.0863331018847247,0.07464933064306077,0.06544290464641266,0.0773024813400385,0.08383282460141142,0.07338070503167018,0.04659029272373545,0.047475708907026126,0.029998295246668746,0.015810195519962714,0.011428037363140768,0.02,0.03,0.08,0.15,0.22,0.24,0.15,0.08,0.02,0.01,0.2,0.3,0.3,0.2
4507,广西壮族自治区,钦州市-4507,中国,1296300,广西壮族自治区,1412914089,0.5087420439235397,0.4912579560764603,0,0,0,1,0,0,0.031887238828432404,0.052115974759736436,0.06403400865231233,0.06080903762578306,0.05559953263372123,0.05771750429477103,0.06559282529739145,0.0863331018847247,0.07464933064306077,0.06544290464641266,0.0773024813400385,0.08383282460141142,0.07338070503167018,0.04659029272373545,0.047475708907026126,0.029998295246668746,0.015810195519962714,0.011428037363140768,0.02,0.03,0.08,0.15,0.22,0.24,0.15,0.08,0.02,0.01,0.2,0.3,0.3,0.2
4508,广西壮族自治区,贵港市-4508,中国,1086327,广西壮族自治区,1412914089,0.5087420439235397,0.4912579560764603,0,0,0,1,0,0,0.031887238828432404,0.052115974759736436,0.06403400865231233,0.06080903762578306,0.05559953263372123,0.05771750429477103,0.06559282529739145,0.0863331018847247,0.07464933064306077,0.06544290464641266,0.0773024813400385,0.08383282460141142,0.07338070503167018,0.04659029272373545,0.047475708907026126,0.029998295246668746,0.015810195519962714,0.011428037363140768,0.02,0.03,0.08,0.15,0.22,0.24,0.15,0.08,0.02,0.01,0.2,0.3,0.3,0.2
4509,广西壮族自治区,玉林市-4509,中国,1056743,广西壮族自治区,1412914089,0.5087420439235397,0.4912579560764603,0,0,0,1,0,0,0.031887238828432404,0.052115974759736436,0.06403400865231233,0.06080903762578306,0.05559953263372123,0.05771750429477103,0.06559282529739145,0.0863331018847247,0.07464933064306077,0.06544290464641266,0.0773024813400385,0.08383282460141142,0.07338070503167018,0.04659029272373545,0.047475708907026126,0.029998295246668746,0.015810195519962714,0.011428037363140768,0.02,0.03,0.08,0.15,0.22,0.24,0.15,0.08,0.02,0.01,0.2,0.3,0.3,0.2
4510,广西壮族自治区,百色市-4510,中国,686078,广西壮族自治区,1412914089,0.5087420439235397,0.4912579560764603,0,0,0,1,0,0,0.031887238828432404,0.052115974759736436,0.06403400865231233,0.06080903762578306,0.05559953263372123,0.05771750429477103,0.06559282529739145,0.0863331018847247,0.07464933064306077,0.06544290464641266,0.0773024813400385,0.08383282460141142,0.07338070503167018,0.04659029272373545,0.047475708907026126,0.029998295246668746,0.015810195519962714,0.011428037363140768,0.02,0.03,0.08,0.15,0.22,0.24,0.15,0.08,0.02,0.01,0.2,0.3,0.3,0.2
4511,广西壮族自治区,贺州市-4511,中国,1005490,广西壮族自治区,1412914089,0.5087420439235397,0.4912579560764603,0,0,0,1,0,0,0.031887238828432404,0.052115974759736436,0.06403400865231233,0.06080903762578306,0.05559953263372123,0.05771750429477103,0.06559282529739145,0.0863331018847247,0.07464933064306077,0.06544290464641266,0.0773024813400385,0.08383282460141142,0.07338070503167018,0.04659029272373545,0.047475708907026126,0.029998295246668746,0.015810195519962714,0.011428037363140768,0.02,0.03,0.08,0.15,0.22,0.24,0.15,0.08,0.02,0.01,0.2,0.3,0.3,0.2
4512,广西壮族自治区,河池市-4512,中国,330131,广西壮族自治区,1412914089,0.5087420439235397,0.4912579560764603,0,0,0,1,0,0,0.031887238828432404,0.052115974759736436,0.06403400865231233,0.06080903762578306,0.05559953263372123,0.05771750429477103,0.06559282529739145,0.0863331018847247,0.07464933064306077,0.06544290464641266,0.0773024813400385,0.08383282460141142,0.07338070503167018,0.04659029272373545,0.047475708907026126,0.029998295246668746,0.015810195519962714,0.011428037363140768,0.02,0.03,0.08,0.15,0.22,0.24,0.15,0.08,0.02,0.01,0.2,0.3,0.3,0.2
4513,广西壮族自治区,来宾市-4513,中国,910282,广西壮族自治区,1412914089,0.5087420439235397,0.4912579560764603,0,0,0,1,0,0,0.031887238828432404,0.052115974759736436,0.06403400865231233,0.06080903762578306,0.05559953263372123,0.05771750429477103,0.06559282529739145,0.0863331018847247,0.07464933064306077,0.06544290464641266,0.0773024813400385,0.08383282460141142,0.07338070503167018,0.04659029272373545,0.047475708907026126,0.029998295246668746,0.015810195519962714,0.011428037363140768,0.02,0.03,0.08,0.15,0.22,0.24,0.15,0.08,0.02,0.01,0.2,0.3,0.3,0.2
4514,广西壮族自治区,崇左市-4514,中国,384905,广西壮族自治区,1412914089,0.5087420439235397,0.4912579560764603,0,0,0,1,0,0,0.031887238828432404,0.052115974759736436,0.06403400865231233,0.06080903762578306,0.05559953263372123,0.05771750429477103,0.06559282529739145,0.0863331018847247,0.07464933064306077,0.06544290464641266,0.0773024813400385,0.08383282460141142,0.07338070503167018,0.04659029272373545,0.047475708907026126,0.029998295246668746,0.015810195519962714,0.011428037363140768,0.02,0.03,0.08,0.15,0.22,0.24,0.15,0.08,0.02,0.01,0.2,0.3,0.3,0.2
4601,海南省,海口市-4601,中国,3001600,海南省,1412914089,0.5087420439235397,0.4912579560764603,0,0,0,1,0,0,0.031887238828432404,0.052115974759736436,0.06403400865231233,0.06080903762578306,0.05559953263372123,0.05771750429477103,0.06559282529739145,0.0863331018847247,0.07464933064306077,0.06544290464641266,0.0773024813400385,0.08383282460141142,0.07338070503167018,0.04659029272373545,0.047475708907026126,0.029998295246668746,0.015810195519962714,0.011428037363140768,0.02,0.03,0.08,0.15,0.22,0.24,0.15,0.08,0.02,0.01,0.2,0.3,0.3,0.2
4602,海南省,三亚市-4602,中国,1031396,海南省,1412914089,0.5087420439235397,0.4912579560764603,0,0,0,1,0,0,0.031887238828432404,0.052115974759736436,0.06403400865231233,0.06080903762578306,0.05559953263372123,0.05771750429477103,0.06559282529739145,0.0863331018847247,0.07464933064306077,0.06544290464641266,0.0773024813400385,0.08383282460141142,0.07338070503167018,0.04659029272373545,0.047475708907026126,0.029998295246668746,0.015810195519962714,0.011428037363140768,0.02,0.03,0.08,0.15,0.22,0.24,0.15,0.08,0.02,0.01,0.2,0.3,0.3,0.2
4603,海南省,三沙市-4603,中国,1443,海南省,1412914089,0.5087420439235397,0.4912579560764603,0,0,0,1,0,0,0.031887238828432404,0.052115974759736436,0.06403400865231233,0.06080903762578306,0.05559953263372123,0.05771750429477103,0.06559282529739145,0.0863331018847247,0.07464933064306077,0.06544290464641266,0.0773024813400385,0.08383282460141142,0.07338070503167018,0.04659029272373545,0.047475708907026126,0.029998295246668746,0.015810195519962714,0.011428037363140768,0.02,0.03,0.08,0.15,0.22,0.24,0.15,0.08,0.02,0.01,0.2,0.3,0.3,0.2
4604,海南省,儋州市-4604,中国,256652,海南省,1412914089,0.5087420439235397,0.4912579560764603,0,0,0,1,0,0,0.031887238828432404,0.052115974759736436,0.06403400865231233,0.06080903762578306,0.05559953263372123,0.05771750429477103,0.06559282529739145,0.0863331018847247,0.07464933064306077,0.06544290464641266,0.0773024813400385,0.08383282460141142,0.07338070503167018,0.04659029272373545,0.047475708907026126,0.029998295246668746,0.015810195519962714,0.011428037363140768,0.02,0.03,0.08,0.15,0.22,0.24,0.15,0.08,0.02,0.01,0.2,0.3,0.3,0.2
5101,四川省,成都市-5101,中国,20937757,四川省,1412914089,0.5087420439235397,0.4912579560764603,0,0,0,1,0,0,0.031887238828432404,0.052115974759736436,0.06403400865231233,0.06080903762578306,0.05559953263372123,0.05771750429477103,0.06559282529739145,0.0863331018847247,0.07464933064306077,0.06544290464641266,0.0773024813400385,0.08383282460141142,0.07338070503167018,0.04659029272373545,0.047475708907026126,0.029998295246668746,0.015810195519962714,0.011428037363140768,0.02,0.03,0.08,0.15,0.22,0.24,0.15,0.08,0.02,0.01,0.2,0.3,0.3,0.2
5103,四川省,自贡市-5103,中国,1262064,四川省,1412914089,0.5087420439235397,0.4912579560764603,0,0,0,1,0,0,0.031887238828432404,0.052115974759736436,0.06403400865231233,0.06080903762578306,0.05559953263372123,0.05771750429477103,0.06559282529739145,0.0863331018847247,0.07464933064306077,0.06544290464641266,0.0773024813400385,0.08383282460141142,0.07338070503167018,0.04659029272373545,0.047475708907026126,0.029998295246668746,0.015810195519962714,0.011428037363140768,0.02,0.03,0.08,0.15,0.22,0.24,0.15,0.08,0.02,0.01,0.2,0.3,0.3,0.2
5104,四川省,攀枝花市-5104,中国,787177,四川省,1412914089,0.5087420439235397,0.4912579560764603,0,0,0,1,0,0,0.031887238828432404,0.052115974759736436,0.06403400865231233,0.06080903762578306,0.05559953263372123,0.05771750429477103,0.06559282529739145,0.0863331018847247,0.07464933064306077,0.06544290464641266,0.0773024813400385,0.08383282460141142,0.07338070503167018,0.04659029272373545,0.047475708907026126,0.029998295246668746,0.015810195519962714,0.011428037363140768,0.02,0.03,0.08,0.15,0.22,0.24,0.15,0.08,0.02,0.01,0.2,0.3,0.3,0.2
5105,四川省,泸州市-5105,中国,998900,四川省,1412914089,0.5087420439235397,0.4912579560764603,0,0,0,1,0,0,0.031887238828432404,0.052115974759736436,0.06403400865231233,0.06080903762578306,0.05559953263372123,0.05771750429477103,0.06559282529739145,0.0863331018847247,0.07464933064306077,0.06544290464641266,0.0773024813400385,0.08383282460141142,0.07338070503167018,0.04659029272373545,0.047475708907026126,0.029998295246668746,0.015810195519962714,0.011428037363140768,0.02,0.03,0.08,0.15,0.22,0.24,0.15,0.08,0.02,0.01,0.2,0.3,0.3,0.2
5106,四川省,德阳市-5106,中国,735070,四川省,1412914089,0.5087420439235397,0.4912579560764603,0,0,0,1,0,0,0.031887238828432404,0.052115974759736436,0.06403400865231233,0.06080903762578306,0.05559953263372123,0.05771750429477103,0.06559282529739145,0.0863331018847247,0.07464933064306077,0.06544290464641266,0.0773024813400385,0.08383282460141142,0.07338070503167018,0.04659029272373545,0.047475708907026126,0.029998295246668746,0.015810195519962714,0.011428037363140768,0.02,0.03,0.08,0.15,0.22,0.24,0.15,0.08,0.02,0.01,0.2,0.3,0.3,0.2
5107,四川省,绵阳市-5107,中国,1550000,四川省,1412914089,0.5087420439235397,0.4912579560764603,0,0,0,1,0,0,0.031887238828432404,0.052115974759736436,0.06403400865231233,0.06080903762578306,0.05559953263372123,0.05771750429477103,0.06559282529739145,0.0863331018847247,0.07464933064306077,0.06544290464641266,0.0773024813400385,0.08383282460141142,0.07338070503167018,0.04659029272373545,0.047475708907026126,0.029998295246668746,0.015810195519962714,0.011428037363140768,0.02,0.03,0.08,0.15,0.22,0.24,0.15,0.08,0.02,0.01,0.2,0.3,0.3,0.2
5108,四川省,广元市-5108,中国,516424,四川省,1412914089,0.5087420439235397,0.4912579560764603,0,0,0,1,0,0,0.031887238828432404,0.052115974759736436,0.06403400865231233,0.06080903762578306,0.05559953263372123,0.05771750429477103,0.06559282529739145,0.0863331018847247,0.07464933064306077,0.06544290464641266,0.0773024813400385,0.08383282460141142,0.07338070503167018,0.04659029272373545,0.047475708907026126,0.029998295246668746,0.015810195519962714,0.011428037363140768,0.02,0.03,0.08,0.15,0.22,0.24,0.15,0.08,0.02,0.01,0.2,0.3,0.3,0.2
5109,四川省,遂宁市-5109,中国,656760,四川省,1412914089,0.5087420439235397,0.4912579560764603,0,0,0,1,0,0,0.031887238828432404,0.052115974759736436,0.06403400865231233,0.06080903762578306,0.05559953263372123,0.05771750429477103,0.06559282529739145,0.0863331018847247,0.07464933064306077,0.06544290464641266,0.0773024813400385,0.08383282460141142,0.07338070503167018,0.04659029272373545,0.047475708907026126,0.029998295246668746,0.015810195519962714,0.011428037363140768,0.02,0.03,0.08,0.15,0.22,0.24,0.15,0.08,0.02,0.01,0.2,0.3,0.3,0.2
5110,四川省,内江市-5110,中国,1251095,四川省,1412914089,0.5087420439235397,0.4912579560764603,0,0,0,1,0,0,0.031887238828432404,0.052115974759736436,0.06403400865231233,0.06080903762578306,0.05559953263372123,0.05771750429477103,0.06559282529739145,0.0863331018847247,0.07464933064306077,0.06544290464641266,0.0773024813400385,0.08383282460141142,0.07338070503167018,0.04659029272373545,0.047475708907026126,0.029998295246668746,0.015810195519962714,0.011428037363140768,0.02,0.03,0.08,0.15,0.22,0.24,0.15,0.08,0.02,0.01,0.2,0.3,0.3,0.2
5111,四川省,乐山市-5111,中国,662814,四川省,1412914089,0.5087420439235397,0.4912579560764603,0,0,0,1,0,0,0.031887238828432404,0.052115974759736436,0.06403400865231233,0.06080903762578306,0.05559953263372123,0.05771750429477103,0.06559282529739145,0.0863331018847247,0.07464933064306077,0.06544290464641266,0.0773024813400385,0.08383282460141142,0.07338070503167018,0.04659029272373545,0.047475708907026126,0.029998295246668746,0.015810195519962714,0.011428037363140768,0.02,0.03,0.08,0.15,0.22,0.24,0.15,0.08,0.02,0.01,0.2,0.3,0.3,0.2
5113,四川省,南充市-5113,中国,1858875,四川省,1412914089,0.5087420439235397,0.4912579560764603,0,0,0,1,0,0,0.031887238828432404,0.052115974759736436,0.06403400865231233,0.06080903762578306,0.05559953263372123,0.05771750429477103,0.06559282529739145,0.0863331018847247,0.07464933064306077,0.06544290464641266,0.0773024813400385,0.08383282460141142,0.07338070503167018,0.04659029272373545,0.047475708907026126,0.029998295246668746,0.015810195519962714,0.011428037363140768,0.02,0.03,0.08,0.15,0.22,0.24,0.15,0.08,0.02,0.01,0.2,0.3,0.3,0.2
5114,四川省,眉山市-5114,中国,1107742,四川省,1412914089,0.5087420439235397,0.4912579560764603,0,0,0,1,0,0,0.031887238828432404,0.052115974759736436,0.06403400865231233,0.06080903762578306,0.05559953263372123,0.05771750429477103,0.06559282529739145,0.0863331018847247,0.07464933064306077,0.06544290464641266,0.0773024813400385,0.08383282460141142,0.07338070503167018,0.04659029272373545,0.047475708907026126,0.029998295246668746,0.015810195519962714,0.011428037363140768,0.02,0.03,0.08,0.15,0.22,0.24,0.15,0.08,0.02,0.01,0.2,0.3,0.3,0.2
5115,四川省,宜宾市-5115,中国,836340,四川省,1412914089,0.5087420439235397,0.4912579560764603,0,0,0,1,0,0,0.031887238828432404,0.052115974759736436,0.06403400865231233,0.06080903762578306,0.05559953263372123,0.05771750429477103,0.06559282529739145,0.0863331018847247,0.07464933064306077,0.06544290464641266,0.0773024813400385,0.08383282460141142,0.07338070503167018,0.04659029272373545,0.047475708907026126,0.029998295246668746,0.015810195519962714,0.011428037363140768,0.02,0.03,0.08,0.15,0.22,0.24,0.15,0.08,0.02,0.01,0.2,0.3,0.3,0.2
5116,四川省,广安市-5116,中国,858159,四川省,1412914089,0.5087420439235397,0.4912579560764603,0,0,0,1,0,0,0.031887238828432404,0.052115974759736436,0.06403400865231233,0.06080903762578306,0.05559953263372123,0.05771750429477103,0.06559282529739145,0.0863331018847247,0.07464933064306077,0.06544290464641266,0.0773024813400385,0.08383282460141142,0.07338070503167018,0.04659029272373545,0.047475708907026126,0.029998295246668746,0.015810195519962714,0.011428037363140768,0.02,0.03,0.08,0.15,0.22,0.24,0.15,0.08,0.02,0.01,0.2,0.3,0.3,0.2
5117,四川省,达州市-5117,中国,1589435,四川省,1412914089,0.5087420439235397,0.4912579560764603,0,0,0,1,0,0,0.031887238828432404,0.052115974759736436,0.06403400865231233,0.06080903762578306,0.05559953263372123,0.05771750429477103,0.06559282529739145,0.0863331018847247,0.07464933064306077,0.06544290464641266,0.0773024813400385,0.08383282460141142,0.07338070503167018,0.04659029272373545,0.047475708907026126,0.029998295246668746,0.015810195519962714,0.011428037363140768,0.02,0.03,0.08,0.15,0.22,0.24,0.15,0.08,0.02,0.01,0.2,0.3,0.3,0.2
5118,四川省,雅安市-5118,中国,612056,四川省,1412914089,0.5087420439235397,0.4912579560764603,0,0,0,1,0,0,0.031887238828432404,0.052115974759736436,0.06403400865231233,0.06080903762578306,0.05559953263372123,0.05771750429477103,0.06559282529739145,0.0863331018847247,0.07464933064306077,0.06544290464641266,0.0773024813400385,0.08383282460141142,0.07338070503167018,0.04659029272373545,0.047475708907026126,0.029998295246668746,0.015810195519962714,0.011428037363140768,0.02,0.03,0.08,0.15,0.22,0.24,0.15,0.08,0.02,0.01,0.2,0.3,0.3,0.2
5119,四川省,巴中市-5119,中国,2712894,四川省,1412914089,0.5087420439235397,0.4912579560764603,0,0,0,1,0,0,0.031887238828432404,0.052115974759736436,0.06403400865231233,0.06080903762578306,0.05559953263372123,0.05771750429477103,0.06559282529739145,0.0863331018847247,0.07464933064306077,0.06544290464641266,0.0773024813400385,0.08383282460141142,0.07338070503167018,0.04659029272373545,0.047475708907026126,0.029998295246668746,0.015810195519962714,0.011428037363140768,0.02,0.03,0.08,0.15,0.22,0.24,0.15,0.08,0.02,0.01,0.2,0.3,0.3,0.2
5120,四川省,资阳市-5120,中国,905729,四川省,1412914089,0.5087420439235397,0.4912579560764603,0,0,0,1,0,0,0.031887238828432404,0.052115974759736436,0.06403400865231233,0.06080903762578306,0.05559953263372123,0.05771750429477103,0.06559282529739145,0.0863331018847247,0.07464933064306077,0.06544290464641266,0.0773024813400385,0.08383282460141142,0.07338070503167018,0.04659029272373545,0.047475708907026126,0.029998295246668746,0.015810195519962714,0.011428037363140768,0.02,0.03,0.08,0.15,0.22,0.24,0.15,0.08,0.02,0.01,0.2,0.3,0.3,0.2
5132,四川省,阿坝藏族羌族自治州-5132,中国,58390,四川省,1412914089,0.5087420439235397,0.4912579560764603,0,0,0,1,0,0,0.031887238828432404,0.052115974759736436,0.06403400865231233,0.06080903762578306,0.05559953263372123,0.05771750429477103,0.06559282529739145,0.0863331018847247,0.07464933064306077,0.06544290464641266,0.0773024813400385,0.08383282460141142,0.07338070503167018,0.04659029272373545,0.047475708907026126,0.029998295246668746,0.015810195519962714,0.011428037363140768,0.02,0.03,0.08,0.15,0.22,0.24,0.15,0.08,0.02,0.01,0.2,0.3,0.3,0.2
5133,四川省,甘孜藏族自治州-5133,中国,100000,四川省,1412914089,0.5087420439235397,0.4912579560764603,0,0,0,1,0,0,0.031887238828432404,0.052115974759736436,0.06403400865231233,0.06080903762578306,0.05559953263372123,0.05771750429477103,0.06559282529739145,0.0863331018847247,0.07464933064306077,0.06544290464641266,0.0773024813400385,0.08383282460141142,0.07338070503167018,0.04659029272373545,0.047475708907026126,0.029998295246668746,0.015810195519962714,0.011428037363140768,0.02,0.03,0.08,0.15,0.22,0.24,0.15,0.08,0.02,0.01,0.2,0.3,0.3,0.2
5134,四川省,凉山彝族自治州-5134,中国,481796,四川省,1412914089,0.5087420439235397,0.4912579560764603,0,0,0,1,0,0,0.031887238828432404,0.052115974759736436,0.06403400865231233,0.06080903762578306,0.05559953263372123,0.05771750429477103,0.06559282529739145,0.0863331018847247,0.07464933064306077,0.06544290464641266,0.0773024813400385,0.08383282460141142,0.07338070503167018,0.04659029272373545,0.047475708907026126,0.029998295246668746,0.015810195519962714,0.011428037363140768,0.02,0.03,0.08,0.15,0.22,0.24,0.15,0.08,0.02,0.01,0.2,0.3,0.3,0.2
5201,贵州省,贵阳市-5201,中国,5987018,贵州省,1412914089,0.5087420439235397,0.4912579560764603,0,0,0,1,0,0,0.031887238828432404,0.052115974759736436,0.06403400865231233,0.06080903762578306,0.05559953263372123,0.05771750429477103,0.06559282529739145,0.0863331018847247,0.07464933064306077,0.06544290464641266,0.0773024813400385,0.08383282460141142,0.07338070503167018,0.04659029272373545,0.047475708907026126,0.029998295246668746,0.015810195519962714,0.011428037363140768,0.02,0.03,0.08,0.15,0.22,0.24,0.15,0.08,0.02,0.01,0.2,0.3,0.3,0.2
5202,贵州省,六盘水市-5202,中国,1320825,贵州省,1412914089,0.5087420439235397,0.4912579560764603,0,0,0,1,0,0,0.031887238828432404,0.052115974759736436,0.06403400865231233,0.06080903762578306,0.05559953263372123,0.05771750429477103,0.06559282529739145,0.0863331018847247,0.07464933064306077,0.06544290464641266,0.0773024813400385,0.08383282460141142,0.07338070503167018,0.04659029272373545,0.047475708907026126,0.029998295246668746,0.015810195519962714,0.011428037363140768,0.02,0.03,0.08,0.15,0.22,0.24,0.15,0.08,0.02,0.01,0.2,0.3,0.3,0.2
5203,贵州省,遵义市-5203,中国,2037775,贵州省,1412914089,0.5087420439235397,0.4912579560764603,0,0,0,1,0,0,0.031887238828432404,0.052115974759736436,0.06403400865231233,0.06080903762578306,0.05559953263372123,0.05771750429477103,0.06559282529739145,0.0863331018847247,0.07464933064306077,0.06544290464641266,0.0773024813400385,0.08383282460141142,0.07338070503167018,0.04659029272373545,0.047475708907026126,0.029998295246668746,0.015810195519962714,0.011428037363140768,0.02,0.03,0.08,0.15,0.22,0.24,0.15,0.08,0.02,0.01,0.2,0.3,0.3,0.2
5204,贵州省,安顺市-5204,中国,765313,贵州省,1412914089,0.5087420439235397,0.4912579560764603,0,0,0,1,0,0,0.031887238828432404,0.052115974759736436,0.06403400865231233,0.06080903762578306,0.05559953263372123,0.05771750429477103,0.06559282529739145,0.0863331018847247,0.07464933064306077,0.06544290464641266,0.0773024813400385,0.08383282460141142,0.07338070503167018,0.04659029272373545,0.047475708907026126,0.029998295246668746,0.015810195519962714,0.011428037363140768,0.02,0.03,0.08,0.15,0.22,0.24,0.15,0.08,0.02,0.01,0.2,0.3,0.3,0.2
5205,贵州省,毕节市-5205,中国,1137383,贵州省,1412914089,0.5087420439235397,0.4912579560764603,0,0,0,1,0,0,0.031887238828432404,0.052115974759736436,0.06403400865231233,0.06080903762578306,0.05559953263372123,0.05771750429477103,0.06559282529739145,0.0863331018847247,0.07464933064306077,0.06544290464641266,0.0773024813400385,0.08383282460141142,0.07338070503167018,0.04659029272373545,0.047475708907026126,0.029998295246668746,0.015810195519962714,0.011428037363140768,0.02,0.03,0.08,0.15,0.22,0.24,0.15,0.08,0.02,0.01,0.2,0.3,0.3,0.2
5206,贵州省,铜仁市-5206,中国,90593,贵州省,1412914089,0.5087420439235397,0.4912579560764603,0,0,0,1,0,0,0.031887238828432404,0.052115974759736436,0.06403400865231233,0.06080903762578306,0.05559953263372123,0.05771750429477103,0.06559282529739145,0.0863331018847247,0.07464933064306077,0.06544290464641266,0.0773024813400385,0.08383282460141142,0.07338070503167018,0.04659029272373545,0.047475708907026126,0.029998295246668746,0.015810195519962714,0.011428037363140768,0.02,0.03,0.08,0.15,0.22,0.24,0.15,0.08,0.02,0.01,0.2,0.3,0.3,0.2
5223,贵州省,黔西南布依族苗族自治州-5223,中国,322890,贵州省,1412914089,0.5087420439235397,0.4912579560764603,0,0,0,1,0,0,0.031887238828432404,0.052115974759736436,0.06403400865231233,0.06080903762578306,0.05559953263372123,0.05771750429477103,0.06559282529739145,0.0863331018847247,0.07464933064306077,0.06544290464641266,0.0773024813400385,0.08383282460141142,0.07338070503167018,0.04659029272373545,0.047475708907026126,0.029998295246668746,0.015810195519962714,0.011428037363140768,0.02,0.03,0.08,0.15,0.22,0.24,0.15,0.08,0.02,0.01,0.2,0.3,0.3,0.2
5226,贵州省,黔东南苗族侗族自治州-5226,中国,275745,贵州省,1412914089,0.5087420439235397,0.4912579560764603,0,0,0,1,0,0,0.031887238828432404,0.052115974759736436,0.06403400865231233,0.06080903762578306,0.05559953263372123,0.05771750429477103,0.06559282529739145,0.0863331018847247,0.07464933064306077,0.06544290464641266,0.0773024813400385,0.08383282460141142,0.07338070503167018,0.04659029272373545,0.047475708907026126,0.029998295246668746,0.015810195519962714,0.011428037363140768,0.02,0.03,0.08,0.15,0.22,0.24,0.15,0.08,0.02,0.01,0.2,0.3,0.3,0.2
5227,贵州省,黔南布依族苗族自治州-5227,中国,529688,贵州省,1412914089,0.5087420439235397,0.4912579560764603,0,0,0,1,0,0,0.031887238828432404,0.052115974759736436,0.06403400865231233,0.06080903762578306,0.05559953263372123,0.05771750429477103,0.06559282529739145,0.0863331018847247,0.07464933064306077,0.06544290464641266,0.0773024813400385,0.08383282460141142,0.07338070503167018,0.04659029272373545,0.047475708907026126,0.029998295246668746,0.015810195519962714,0.011428037363140768,0.02,0.03,0.08,0.15,0.22,0.24,0.15,0.08,0.02,0.01,0.2,0.3,0.3,0.2
5301,云南省,昆明市-5301,中国,8460088,云南省,1412914089,0.5087420439235397,0.4912579560764603,0,0,0,1,0,0,0.031887238828432404,0.052115974759736436,0.06403400865231233,0.06080903762578306,0.05559953263372123,0.05771750429477103,0.06559282529739145,0.0863331018847247,0.07464933064306077,0.06544290464641266,0.0773024813400385,0.08383282460141142,0.07338070503167018,0.04659029272373545,0.047475708907026126,0.029998295246668746,0.015810195519962714,0.011428037363140768,0.02,0.03,0.08,0.15,0.22,0.24,0.15,0.08,0.02,0.01,0.2,0.3,0.3,0.2
5303,云南省,曲靖市-5303,中国,1408500,云南省,1412914089,0.5087420439235397,0.4912579560764603,0,0,0,1,0,0,0.031887238828432404,0.052115974759736436,0.06403400865231233,0.06080903762578306,0.05559953263372123,0.05771750429477103,0.06559282529739145,0.0863331018847247,0.07464933064306077,0.06544290464641266,0.0773024813400385,0.08383282460141142,0.07338070503167018,0.04659029272373545,0.047475708907026126,0.029998295246668746,0.015810195519962714,0.011428037363140768,0.02,0.03,0.08,0.15,0.22,0.24,0.15,0.08,0.02,0.01,0.2,0.3,0.3,0.2
5304,云南省,玉溪市-5304,中国,103829,云南省,1412914089,0.5087420439235397,0.4912579560764603,0,0,0,1,0,0,0.031887238828432404,0.052115974759736436,0.06403400865231233,0.06080903762578306,0.05559953263372123,0.05771750429477103,0.06559282529739145,0.0863331018847247,0.07464933064306077,0.06544290464641266,0.0773024813400385,0.08383282460141142,0.07338070503167018,0.04659029272373545,0.047475708907026126,0.029998295246668746,0.015810195519962714,0.011428037363140768,0.02,0.03,0.08,0.15,0.22,0.24,0.15,0.08,0.02,0.01,0.2,0.3,0.3,0.2
5305,云南省,保山市-5305,中国,935618,云南省,1412914089,0.5087420439235397,0.4912579560764603,0,0,0,1,0,0,0.031887238828432404,0.052115974759736436,0.06403400865231233,0.06080903762578306,0.05559953263372123,0.05771750429477103,0.06559282529739145,0.0863331018847247,0.07464933064306077,0.06544290464641266,0.0773024813400385,0.08383282460141142,0.07338070503167018,0.04659029272373545,0.047475708907026126,0.029998295246668746,0.015810195519962714,0.011428037363140768,0.02,0.03,0.08,0.15,0.22,0.24,0.15,0.08,0.02,0.01,0.2,0.3,0.3,0.2
5306,云南省,昭通市-5306,中国,787845,云南省,1412914089,0.5087420439235397,0.4912579560764603,0,0,0,1,0,0,0.031887238828432404,0.052115974759736436,0.06403400865231233,0.06080903762578306,0.05559953263372123,0.05771750429477103,0.06559282529739145,0.0863331018847247,0.07464933064306077,0.06544290464641266,0.0773024813400385,0.08383282460141142,0.07338070503167018,0.04659029272373545,0.047475708907026126,0.029998295246668746,0.015810195519962714,0.011428037363140768,0.02,0.03,0.08,0.15,0.22,0.24,0.15,0.08,0.02,0.01,0.2,0.3,0.3,0.2
5307,云南省,丽江市-5307,中国,211151,云南省,1412914089,0.5087420439235397,0.4912579560764603,0,0,0,1,0,0,0.031887238828432404,0.052115974759736436,0.06403400865231233,0.06080903762578306,0.05559953263372123,0.05771750429477103,0.06559282529739145,0.0863331018847247,0.07464933064306077,0.06544290464641266,0.0773024813400385,0.08383282460141142,0.07338070503167018,0.04659029272373545,0.047475708907026126,0.029998295246668746,0.015810195519962714,0.011428037363140768,0.02,0.03,0.08,0.15,0.22,0.24,0.15,0.08,0.02,0.01,0.2,0.3,0.3,0.2
5308,云南省,普洱市-5308,中国,490000,云南省,1412914089,0.5087420439235397,0.4912579560764603,0,0,0,1,0,0,0.031887238828432404,0.052115974759736436,0.06403400865231233,0.06080903762578306,0.05559953263372123,0.05771750429477103,0.06559282529739145,0.0863331018847247,0.07464933064306077,0.06544290464641266,0.0773024813400385,0.08383282460141142,0.07338070503167018,0.04659029272373545,0.047475708907026126,0.029998295246668746,0.015810195519962714,0.011428037363140768,0.02,0.03,0.08,0.15,0.22,0.24,0.15,0.08,0.02,0.01,0.2,0.3,0.3,0.2
5309,云南省,临沧市-5309,中国,323708,云南省,1412914089,0.5087420439235397,0.4912579560764603,0,0,0,1,0,0,0.031887238828432404,0.052115974759736436,0.06403400865231233,0.06080903762578306,0.05559953263372123,0.05771750429477103,0.06559282529739145,0.0863331018847247,0.07464933064306077,0.06544290464641266,0.0773024813400385,0.08383282460141142,0.07338070503167018,0.04659029272373545,0.047475708907026126,0.029998295246668746,0.015810195519962714,0.011428037363140768,0.02,0.03,0.08,0.15,0.22,0.24,0.15,0.08,0.02,0.01,0.2,0.3,0.3,0.2
5323,云南省,楚雄彝族自治州-5323,中国,555081,云南省,1412914089,0.5087420439235397,0.4912579560764603,0,0,0,1,0,0,0.031887238828432404,0.052115974759736436,0.06403400865231233,0.06080903762578306,0.05559953263372123,0.05771750429477103,0.06559282529739145,0.0863331018847247,0.07464933064306077,0.06544290464641266,0.0773024813400385,0.08383282460141142,0.07338070503167018,0.04659029272373545,0.047475708907026126,0.029998295246668746,0.015810195519962714,0.011428037363140768,0.02,0.03,0.08,0.15,0.22,0.24,0.15,0.08,0.02,0.01,0.2,0.3,0.3,0.2
5325,云南省,红河哈尼族彝族自治州-5325,中国,595100,云南省,1412914089,0.5087420439235397,0.4912579560764603,0,0,0,1,0,0,0.031887238828432404,0.052115974759736436,0.06403400865231233,0.06080903762578306,0.05559953263372123,0.05771750429477103,0.06559282529739145,0.0863331018847247,0.07464933064306077,0.06544290464641266,0.0773024813400385,0.08383282460141142,0.07338070503167018,0.04659029272373545,0.047475708907026126,0.029998295246668746,0.015810195519962714,0.011428037363140768,0.02,0.03,0.08,0.15,0.22,0.24,0.15,0.08,0.02,0.01,0.2,0.3,0.3,0.2
5326,云南省,文山壮族苗族自治州-5326,中国,450000,云南省,1412914089,0.5087420439235397,0.4912579560764603,0,0,0,1,0,0,0.031887238828432404,0.052115974759736436,0.06403400865231233,0.06080903762578306,0.05559953263372123,0.05771750429477103,0.06559282529739145,0.0863331018847247,0.07464933064306077,0.06544290464641266,0.0773024813400385,0.08383282460141142,0.07338070503167018,0.04659029272373545,0.047475708907026126,0.029998295246668746,0.015810195519962714,0.011428037363140768,0.02,0.03,0.08,0.15,0.22,0.24,0.15,0.08,0.02,0.01,0.2,0.3,0.3,0.2
5329,云南省,大理白族自治州-5329,中国,235305,云南省,1412914089,0.5087420439235397,0.4912579560764603,0,0,0,1,0,0,0.031887238828432404,0.052115974759736436,0.06403400865231233,0.06080903762578306,0.05559953263372123,0.05771750429477103,0.06559282529739145,0.0863331018847247,0.07464933064306077,0.06544290464641266,0.0773024813400385,0.08383282460141142,0.07338070503167018,0.04659029272373545,0.047475708907026126,0.029998295246668746,0.015810195519962714,0.011428037363140768,0.02,0.03,0.08,0.15,0.22,0.24,0.15,0.08,0.02,0.01,0.2,0.3,0.3,0.2
5331,云南省,德宏傣族景颇族自治州-5331,中国,270000,云南省,1412914089,0.5087420439235397,0.4912579560764603,0,0,0,1,0,0,0.031887238828432404,0.052115974759736436,0.06403400865231233,0.06080903762578306,0.05559953263372123,0.05771750429477103,0.06559282529739145,0.0863331018847247,0.07464933064306077,0.06544290464641266,0.0773024813400385,0.08383282460141142,0.07338070503167018,0.04659029272373545,0.047475708907026126,0.029998295246668746,0.015810195519962714,0.011428037363140768,0.02,0.03,0.08,0.15,0.22,0.24,0.15,0.08,0.02,0.01,0.2,0.3,0.3,0.2
5333,云南省,怒江傈僳族自治州-5333,中国,197000,云南省,1412914089,0.5087420439235397,0.4912579560764603,0,0,0,1,0,0,0.031887238828432404,0.052115974759736436,0.06403400865231233,0.06080903762578306,0.05559953263372123,0.05771750429477103,0.06559282529739145,0.0863331018847247,0.07464933064306077,0.06544290464641266,0.0773024813400385,0.08383282460141142,0.07338070503167018,0.04659029272373545,0.047475708907026126,0.029998295246668746,0.015810195519962714,0.011428037363140768,0.02,0.03,0.08,0.15,0.22,0.24,0.15,0.08,0.02,0.01,0.2,0.3,0.3,0.2
5334,云南省,迪庆藏族自治州-5334,中国,186400,云南省,1412914089,0.5087420439235397,0.4912579560764603,0,0,0,1,0,0,0.031887238828432404,0.052115974759736436,0.06403400865231233,0.06080903762578306,0.05559953263372123,0.05771750429477103,0.06559282529739145,0.0863331018847247,0.07464933064306077,0.06544290464641266,0.0773024813400385,0.08383282460141142,0.07338070503167018,0.04659029272373545,0.047475708907026126,0.029998295246668746,0.015810195519962714,0.011428037363140768,0.02,0.03,0.08,0.15,0.22,0.24,0.15,0.08,0.02,0.01,0.2,0.3,0.3,0.2
5401,西藏自治区,拉萨市-5401,中国,867900,西藏自治区,1412914089,0.5087420439235397,0.4912579560764603,0,0,0,1,0,0,0.031887238828432404,0.052115974759736436,0.06403400865231233,0.06080903762578306,0.05559953263372123,0.05771750429477103,0.06559282529739145,0.0863331018847247,0.07464933064306077,0.06544290464641266,0.0773024813400385,0.08383282460141142,0.07338070503167018,0.04659029272373545,0.047475708907026126,0.029998295246668746,0.015810195519962714,0.011428037363140768,0.02,0.03,0.08,0.15,0.22,0.24,0.15,0.08,0.02,0.01,0.2,0.3,0.3,0.2
5402,西藏自治区,日喀则市-5402,中国,80000,西藏自治区,1412914089,0.5087420439235397,0.4912579560764603,0,0,0,1,0,0,0.031887238828432404,0.052115974759736436,0.06403400865231233,0.06080903762578306,0.05559953263372123,0.05771750429477103,0.06559282529739145,0.0863331018847247,0.07464933064306077,0.06544290464641266,0.0773024813400385,0.08383282460141142,0.07338070503167018,0.04659029272373545,0.047475708907026126,0.029998295246668746,0.015810195519962714,0.011428037363140768,0.02,0.03,0.08,0.15,0.22,0.24,0.15,0.08,0.02,0.01,0.2,0.3,0.3,0.2
5403,西藏自治区,昌都市-5403,中国,86280,西藏自治区,1412914089,0.5087420439235397,0.4912579560764603,0,0,0,1,0,0,0.031887238828432404,0.052115974759736436,0.06403400865231233,0.06080903762578306,0.05559953263372123,0.05771750429477103,0.06559282529739145,0.0863331018847247,0.07464933064306077,0.06544290464641266,0.0773024813400385,0.08383282460141142,0.07338070503167018,0.04659029272373545,0.047475708907026126,0.029998295246668746,0.015810195519962714,0.011428037363140768,0.02,0.03,0.08,0.15,0.22,0.24,0.15,0.08,0.02,0.01,0.2,0.3,0.3,0.2
5404,西藏自治区,林芝市-5404,中国,200000,西藏自治区,1412914089,0.5087420439235397,0.4912579560764603,0,0,0,1,0,0,0.031887238828432404,0.052115974759736436,0.06403400865231233,0.06080903762578306,0.05559953263372123,0.05771750429477103,0.06559282529739145,0.0863331018847247,0.07464933064306077,0.06544290464641266,0.0773024813400385,0.08383282460141142,0.07338070503167018,0.04659029272373545,0.047475708907026126,0.029998295246668746,0.015810195519962714,0.011428037363140768,0.02,0.03,0.08,0.15,0.22,0.24,0.15,0.08,0.02,0.01,0.2,0.3,0.3,0.2
5405,西藏自治区,山南市-5405,中国,353700,西藏自治区,1412914089,0.5087420439235397,0.4912579560764603,0,0,0,1,0,0,0.031887238828432404,0.052115974759736436,0.06403400865231233,0.06080903762578306,0.05559953263372123,0.05771750429477103,0.06559282529739145,0.0863331018847247,0.07464933064306077,0.06544290464641266,0.0773024813400385,0.08383282460141142,0.07338070503167018,0.04659029272373545,0.047475708907026126,0.029998295246668746,0.015810195519962714,0.011428037363140768,0.02,0.03,0.08,0.15,0.22,0.24,0.15,0.08,0.02,0.01,0.2,0.3,0.3,0.2
5406,西藏自治区,那曲市-5406,中国,30000,西藏自治区,1412914089,0.5087420439235397,0.4912579560764603,0,0,0,1,0,0,0.031887238828432404,0.052115974759736436,0.06403400865231233,0.06080903762578306,0.05559953263372123,0.05771750429477103,0.06559282529739145,0.0863331018847247,0.07464933064306077,0.06544290464641266,0.0773024813400385,0.08383282460141142,0.07338070503167018,0.04659029272373545,0.047475708907026126,0.029998295246668746,0.015810195519962714,0.011428037363140768,0.02,0.03,0.08,0.15,0.22,0.24,0.15,0.08,0.02,0.01,0.2,0.3,0.3,0.2
5425,西藏自治区,阿里地区-5425,中国,24910,西藏自治区,1412914089,0.5087420439235397,0.4912579560764603,0,0,0,1,0,0,0.031887238828432404,0.052115974759736436,0.06403400865231233,0.06080903762578306,0.05559953263372123,0.05771750429477103,0.06559282529739145,0.0863331018847247,0.07464933064306077,0.06544290464641266,0.0773024813400385,0.08383282460141142,0.07338070503167018,0.04659029272373545,0.047475708907026126,0.029998295246668746,0.015810195519962714,0.011428037363140768,0.02,0.03,0.08,0.15,0.22,0.24,0.15,0.08,0.02,0.01,0.2,0.3,0.3,0.2
6101,陕西省,西安市-6101,中国,12952907,陕西省,1412914089,0.5087420439235397,0.4912579560764603,0,0,0,1,0,0,0.031887238828432404,0.052115974759736436,0.06403400865231233,0.06080903762578306,0.05559953263372123,0.05771750429477103,0.06559282529739145,0.0863331018847247,0.07464933064306077,0.06544290464641266,0.0773024813400385,0.08383282460141142,0.07338070503167018,0.04659029272373545,0.047475708907026126,0.029998295246668746,0.015810195519962714,0.011428037363140768,0.02,0.03,0.08,0.15,0.22,0.24,0.15,0.08,0.02,0.01,0.2,0.3,0.3,0.2
6102,陕西省,铜川市-6102,中国,417740,陕西省,1412914089,0.5087420439235397,0.4912579560764603,0,0,0,1,0,0,0.031887238828432404,0.052115974759736436,0.06403400865231233,0.06080903762578306,0.05559953263372123,0.05771750429477103,0.06559282529739145,0.0863331018847247,0.07464933064306077,0.06544290464641266,0.0773024813400385,0.08383282460141142,0.07338070503167018,0.04659029272373545,0.047475708907026126,0.029998295246668746,0.015810195519962714,0.011428037363140768,0.02,0.03,0.08,0.15,0.22,0.24,0.15,0.08,0.02,0.01,0.2,0.3,0.3,0.2
6103,陕西省,宝鸡市-6103,中国,1437802,陕西省,1412914089,0.5087420439235397,0.4912579560764603,0,0,0,1,0,0,0.031887238828432404,0.052115974759736436,0.06403400865231233,0.06080903762578306,0.05559953263372123,0.05771750429477103,0.06559282529739145,0.0863331018847247,0.07464933064306077,0.06544290464641266,0.0773024813400385,0.08383282460141142,0.07338070503167018,0.04659029272373545,0.047475708907026126,0.029998295246668746,0.015810195519962714,0.011428037363140768,0.02,0.03,0.08,0.15,0.22,0.24,0.15,0.08,0.02,0.01,0.2,0.3,0.3,0.2
6104,陕西省,咸阳市-6104,中国,1034081,陕西省,1412914089,0.5087420439235397,0.4912579560764603,0,0,0,1,0,0,0.031887238828432404,0.052115974759736436,0.06403400865231233,0.06080903762578306,0.05559953263372123,0.05771750429477103,0.06559282529739145,0.0863331018847247,0.07464933064306077,0.06544290464641266,0.0773024813400385,0.08383282460141142,0.07338070503167018,0.04659029272373545,0.047475708907026126,0.029998295246668746,0.015810195519962714,0.011428037363140768,0.02,0.03,0.08,0.15,0.22,0.24,0.15,0.08,0.02,0.01,0.2,0.3,0.3,0.2
6105,陕西省,渭南市-6105,中国,1199290,陕西省,1412914089,0.5087420439235397,0.4912579560764603,0,0,0,1,0,0,0.031887238828432404,0.052115974759736436,0.06403400865231233,0.06080903762578306,0.05559953263372123,0.05771750429477103,0.06559282529739145,0.0863331018847247,0.07464933064306077,0.06544290464641266,0.0773024813400385,0.08383282460141142,0.07338070503167018,0.04659029272373545,0.047475708907026126,0.029998295246668746,0.015810195519962714,0.011428037363140768,0.02,0.03,0.08,0.15,0.22,0.24,0.15,0.08,0.02,0.01,0.2,0.3,0.3,0.2
6106,陕西省,延安市-6106,中国,475234,陕西省,1412914089,0.5087420439235397,0.4912579560764603,0,0,0,1,0,0,0.031887238828432404,0.052115974759736436,0.06403400865231233,0.06080903762578306,0.05559953263372123,0.05771750429477103,0.06559282529739145,0.0863331018847247,0.07464933064306077,0.06544290464641266,0.0773024813400385,0.08383282460141142,0.07338070503167018,0.04659029272373545,0.047475708907026126,0.029998295246668746,0.015810195519962714,0.011428037363140768,0.02,0.03,0.08,0.15,0.22,0.24,0.15,0.08,0.02,0.01,0.2,0.3,0.3,0.2
6107,陕西省,汉中市-6107,中国,1006557,陕西省,1412914089,0.5087420439235397,0.4912579560764603,0,0,0,1,0,0,0.031887238828432404,0.052115974759736436,0.06403400865231233,0.06080903762578306,0.05559953263372123,0.05771750429477103,0.06559282529739145,0.0863331018847247,0.07464933064306077,0.06544290464641266,0.0773024813400385,0.08383282460141142,0.07338070503167018,0.04659029272373545,0.047475708907026126,0.029998295246668746,0.015810195519962714,0.011428037363140768,0.02,0.03,0.08,0.15,0.22,0.24,0.15,0.08,0.02,0.01,0.2,0.3,0.3,0.2
6108,陕西省,榆林市-6108,中国,90870,陕西省,1412914089,0.5087420439235397,0.4912579560764603,0,0,0,1,0,0,0.031887238828432404,0.052115974759736436,0.06403400865231233,0.06080903762578306,0.05559953263372123,0.05771750429477103,0.06559282529739145,0.0863331018847247,0.07464933064306077,0.06544290464641266,0.0773024813400385,0.08383282460141142,0.07338070503167018,0.04659029272373545,0.047475708907026126,0.029998295246668746,0.015810195519962714,0.011428037363140768,0.02,0.03,0.08,0.15,0.22,0.24,0.15,0.08,0.02,0.01,0.2,0.3,0.3,0.2
6109,陕西省,安康市-6109,中国,870126,陕西省,1412914089,0.5087420439235397,0.4912579560764603,0,0,0,1,0,0,0.031887238828432404,0.052115974759736436,0.06403400865231233,0.06080903762578306,0.05559953263372123,0.05771750429477103,0.06559282529739145,0.0863331018847247,0.07464933064306077,0.06544290464641266,0.0773024813400385,0.08383282460141142,0.07338070503167018,0.04659029272373545,0.047475708907026126,0.029998295246668746,0.015810195519962714,0.011428037363140768,0.02,0.03,0.08,0.15,0.22,0.24,0.15,0.08,0.02,0.01,0.2,0.3,0.3,0.2
6110,陕西省,商洛市-6110,中国,531696,陕西省,1412914089,0.5087420439235397,0.4912579560764603,0,0,0,1,0,0,0.031887238828432404,0.052115974759736436,0.06403400865231233,0.06080903762578306,0.05559953263372123,0.05771750429477103,0.06559282529739145,0.0863331018847247,0.07464933064306077,0.06544290464641266,0.0773024813400385,0.08383282460141142,0.07338070503167018,0.04659029272373545,0.047475708907026126,0.029998295246668746,0.015810195519962714,0.011428037363140768,0.02,0.03,0.08,0.15,0.22,0.24,0.15,0.08,0.02,0.01,0.2,0.3,0.3,0.2
6201,甘肃省,兰州市-6201,中国,4359446,甘肃省,1412914089,0.5087420439235397,0.4912579560764603,0,0,0,1,0,0,0.031887238828432404,0.052115974759736436,0.06403400865231233,0.06080903762578306,0.05559953263372123,0.05771750429477103,0.06559282529739145,0.0863331018847247,0.07464933064306077,0.06544290464641266,0.0773024813400385,0.08383282460141142,0.07338070503167018,0.04659029272373545,0.047475708907026126,0.029998295246668746,0.015810195519962714,0.011428037363140768,0.02,0.03,0.08,0.15,0.22,0.24,0.15,0.08,0.02,0.01,0.2,0.3,0.3,0.2
6202,甘肃省,嘉峪关市-6202,中国,231853,甘肃省,1412914089,0.5087420439235397,0.4912579560764603,0,0,0,1,0,0,0.031887238828432404,0.052115974759736436,0.06403400865231233,0.06080903762578306,0.05559953263372123,0.05771750429477103,0.06559282529739145,0.0863331018847247,0.07464933064306077,0.06544290464641266,0.0773024813400385,0.08383282460141142,0.07338070503167018,0.04659029272373545,0.047475708907026126,0.029998295246668746,0.015810195519962714,0.011428037363140768,0.02,0.03,0.08,0.15,0.22,0.24,0.15,0.08,0.02,0.01,0.2,0.3,0.3,0.2
6203,甘肃省,金昌市-6203,中国,228561,甘肃省,1412914089,0.5087420439235397,0.4912579560764603,0,0,0,1,0,0,0.031887238828432404,0.052115974759736436,0.06403400865231233,0.06080903762578306,0.05559953263372123,0.05771750429477103,0.06559282529739145,0.0863331018847247,0.07464933064306077,0.06544290464641266,0.0773024813400385,0.08383282460141142,0.07338070503167018,0.04659029272373545,0.047475708907026126,0.029998295246668746,0.015810195519962714,0.011428037363140768,0.02,0.03,0.08,0.15,0.22,0.24,0.15,0.08,0.02,0.01,0.2,0.3,0.3,0.2
6204,甘肃省,白银市-6204,中国,294400,甘肃省,1412914089,0.5087420439235397,0.4912579560764603,0,0,0,1,0,0,0.031887238828432404,0.052115974759736436,0.06403400865231233,0.06080903762578306,0.05559953263372123,0.05771750429477103,0.06559282529739145,0.0863331018847247,0.07464933064306077,0.06544290464641266,0.0773024813400385,0.08383282460141142,0.07338070503167018,0.04659029272373545,0.047475708907026126,0.029998295246668746,0.015810195519962714,0.011428037363140768,0.02,0.03,0.08,0.15,0.22,0.24,0.15,0.08,0.02,0.01,0.2,0.3,0.3,0.2
6205,甘肃省,天水市-6205,中国,1212791,甘肃省,1412914089,0.5087420439235397,0.4912579560764603,0,0,0,1,0,0,0.031887238828432404,0.052115974759736436,0.06403400865231233,0.06080903762578306,0.05559953263372123,0.05771750429477103,0.06559282529739145,0.0863331018847247,0.07464933064306077,0.06544290464641266,0.0773024813400385,0.08383282460141142,0.07338070503167018,0.04659029272373545,0.047475708907026126,0.029998295246668746,0.015810195519962714,0.011428037363140768,0.02,0.03,0.08,0.15,0.22,0.24,0.15,0.08,0.02,0.01,0.2,0.3,0.3,0.2
6206,甘肃省,武威市-6206,中国,1010295,甘肃省,1412914089,0.5087420439235397,0.4912579560764603,0,0,0,1,0,0,0.031887238828432404,0.052115974759736436,0.06403400865231233,0.06080903762578306,0.05559953263372123,0.05771750429477103,0.06559282529739145,0.0863331018847247,0.07464933064306077,0.06544290464641266,0.0773024813400385,0.08383282460141142,0.07338070503167018,0.04659029272373545,0.047475708907026126,0.029998295246668746,0.015810195519962714,0.011428037363140768,0.02,0.03,0.08,0.15,0.22,0.24,0.15,0.08,0.02,0.01,0.2,0.3,0.3,0.2
6207,甘肃省,张掖市-6207,中国,507433,甘肃省,1412914089,0.5087420439235397,0.4912579560764603,0,0,0,1,0,0,0.031887238828432404,0.052115974759736436,0.06403400865231233,0.06080903762578306,0.05559953263372123,0.05771750429477103,0.06559282529739145,0.0863331018847247,0.07464933064306077,0.06544290464641266,0.0773024813400385,0.08383282460141142,0.07338070503167018,0.04659029272373545,0.047475708907026126,0.029998295246668746,0.015810195519962714,0.011428037363140768,0.02,0.03,0.08,0.15,0.22,0.24,0.15,0.08,0.02,0.01,0.2,0.3,0.3,0.2
6208,甘肃省,平凉市-6208,中国,504848,甘肃省,1412914089,0.5087420439235397,0.4912579560764603,0,0,0,1,0,0,0.031887238828432404,0.052115974759736436,0.06403400865231233,0.06080903762578306,0.05559953263372123,0.05771750429477103,0.06559282529739145,0.0863331018847247,0.07464933064306077,0.06544290464641266,0.0773024813400385,0.08383282460141142,0.07338070503167018,0.04659029272373545,0.047475708907026126,0.029998295246668746,0.015810195519962714,0.011428037363140768,0.02,0.03,0.08,0.15,0.22,0.24,0.15,0.08,0.02,0.01,0.2,0.3,0.3,0.2
6209,甘肃省,酒泉市-6209,中国,428346,甘肃省,1412914089,0.5087420439235397,0.4912579560764603,0,0,0,1,0,0,0.031887238828432404,0.052115974759736436,0.06403400865231233,0.06080903762578306,0.05559953263372123,0.05771750429477103,0.06559282529739145,0.0863331018847247,0.07464933064306077,0.06544290464641266,0.0773024813400385,0.08383282460141142,0.07338070503167018,0.04659029272373545,0.047475708907026126,0.029998295246668746,0.015810195519962714,0.011428037363140768,0.02,0.03,0.08,0.15,0.22,0.24,0.15,0.08,0.02,0.01,0.2,0.3,0.3,0.2
6210,甘肃省,庆阳市-6210,中国,2125400,甘肃省,1412914089,0.5087420439235397,0.4912579560764603,0,0,0,1,0,0,0.031887238828432404,0.052115974759736436,0.06403400865231233,0.06080903762578306,0.05559953263372123,0.05771750429477103,0.06559282529739145,0.0863331018847247,0.07464933064306077,0.06544290464641266,0.0773024813400385,0.08383282460141142,0.07338070503167018,0.04659029272373545,0.047475708907026126,0.029998295246668746,0.015810195519962714,0.011428037363140768,0.02,0.03,0.08,0.15,0.22,0.24,0.15,0.08,0.02,0.01,0.2,0.3,0.3,0.2
6211,甘肃省,定西市-6211,中国,420614,甘肃省,1412914089,0.5087420439235397,0.4912579560764603,0,0,0,1,0,0,0.031887238828432404,0.052115974759736436,0.06403400865231233,0.06080903762578306,0.05559953263372123,0.05771750429477103,0.06559282529739145,0.0863331018847247,0.07464933064306077,0.06544290464641266,0.0773024813400385,0.08383282460141142,0.07338070503167018,0.04659029272373545,0.047475708907026126,0.029998295246668746,0.015810195519962714,0.011428037363140768,0.02,0.03,0.08,0.15,0.22,0.24,0.15,0.08,0.02,0.01,0.2,0.3,0.3,0.2
6212,甘肃省,陇南市-6212,中国,85826,甘肃省,1412914089,0.5087420439235397,0.4912579560764603,0,0,0,1,0,0,0.031887238828432404,0.052115974759736436,0.06403400865231233,0.06080903762578306,0.05559953263372123,0.05771750429477103,0.06559282529739145,0.0863331018847247,0.07464933064306077,0.06544290464641266,0.0773024813400385,0.08383282460141142,0.07338070503167018,0.04659029272373545,0.047475708907026126,0.029998295246668746,0.015810195519962714,0.011428037363140768,0.02,0.03,0.08,0.15,0.22,0.24,0.15,0.08,0.02,0.01,0.2,0.3,0.3,0.2
6229,甘肃省,临夏回族自治州-6229,中国,274466,甘肃省,1412914089,0.5087420439235397,0.4912579560764603,0,0,0,1,0,0,0.031887238828432404,0.052115974759736436,0.06403400865231233,0.06080903762578306,0.05559953263372123,0.05771750429477103,0.06559282529739145,0.0863331018847247,0.07464933064306077,0.06544290464641266,0.0773024813400385,0.08383282460141142,0.07338070503167018,0.04659029272373545,0.047475708907026126,0.029998295246668746,0.015810195519962714,0.011428037363140768,0.02,0.03,0.08,0.15,0.22,0.24,0.15,0.08,0.02,0.01,0.2,0.3,0.3,0.2
6230,甘肃省,甘南藏族自治州-6230,中国,59148,甘肃省,1412914089,0.5087420439235397,0.4912579560764603,0,0,0,1,0,0,0.031887238828432404,0.052115974759736436,0.06403400865231233,0.06080903762578306,0.05559953263372123,0.05771750429477103,0.06559282529739145,0.0863331018847247,0.07464933064306077,0.06544290464641266,0.0773024813400385,0.08383282460141142,0.07338070503167018,0.04659029272373545,0.047475708907026126,0.029998295246668746,0.015810195519962714,0.011428037363140768,0.02,0.03,0.08,0.15,0.22,0.24,0.15,0.08,0.02,0.01,0.2,0.3,0.3,0.2
6301,青海省,西宁市-6301,中国,2467965,青海省,1412914089,0.5087420439235397,0.4912579560764603,0,0,0,1,0,0,0.031887238828432404,0.052115974759736436,0.06403400865231233,0.06080903762578306,0.05559953263372123,0.05771750429477103,0.06559282529739145,0.0863331018847247,0.07464933064306077,0.06544290464641266,0.0773024813400385,0.08383282460141142,0.07338070503167018,0.04659029272373545,0.047475708907026126,0.029998295246668746,0.015810195519962714,0.011428037363140768,0.02,0.03,0.08,0.15,0.22,0.24,0.15,0.08,0.02,0.01,0.2,0.3,0.3,0.2
6302,青海省,海东市-6302,中国,260184,青海省,1412914089,0.5087420439235397,0.4912579560764603,0,0,0,1,0,0,0.031887238828432404,0.052115974759736436,0.06403400865231233,0.06080903762578306,0.05559953263372123,0.05771750429477103,0.06559282529739145,0.0863331018847247,0.07464933064306077,0.06544290464641266,0.0773024813400385,0.08383282460141142,0.07338070503167018,0.04659029272373545,0.047475708907026126,0.029998295246668746,0.015810195519962714,0.011428037363140768,0.02,0.03,0.08,0.15,0.22,0.24,0.15,0.08,0.02,0.01,0.2,0.3,0.3,0.2
6322,青海省,海北藏族自治州-6322,中国,36515,青海省,1412914089,0.5087420439235397,0.4912579560764603,0,0,0,1,0,0,0.031887238828432404,0.052115974759736436,0.06403400865231233,0.06080903762578306,0.05559953263372123,0.05771750429477103,0.06559282529739145,0.0863331018847247,0.07464933064306077,0.06544290464641266,0.0773024813400385,0.08383282460141142,0.07338070503167018,0.04659029272373545,0.047475708907026126,0.029998295246668746,0.015810195519962714,0.011428037363140768,0.02,0.03,0.08,0.15,0.22,0.24,0.15,0.08,0.02,0.01,0.2,0.3,0.3,0.2
6323,青海省,黄南藏族自治州-6323,中国,103700,青海省,1412914089,0.5087420439235397,0.4912579560764603,0,0,0,1,0,0,0.031887238828432404,0.052115974759736436,0.06403400865231233,0.06080903762578306,0.05559953263372123,0.05771750429477103,0.06559282529739145,0.0863331018847247,0.07464933064306077,0.06544290464641266,0.0773024813400385,0.08383282460141142,0.07338070503167018,0.04659029272373545,0.047475708907026126,0.029998295246668746,0.015810195519962714,0.011428037363140768,0.02,0.03,0.08,0.15,0.22,0.24,0.15,0.08,0.02,0.01,0.2,0.3,0.3,0.2
6325,青海省,海南藏族自治州-6325,中国,46907,青海省,1412914089,0.5087420439235397,0.4912579560764603,0,0,0,1,0,0,0.031887238828432404,0.052115974759736436,0.06403400865231233,0.06080903762578306,0.05559953263372123,0.05771750429477103,0.06559282529739145,0.0863331018847247,0.07464933064306077,0.06544290464641266,0.0773024813400385,0.08383282460141142,0.07338070503167018,0.04659029272373545,0.047475708907026126,0.029998295246668746,0.015810195519962714,0.011428037363140768,0.02,0.03,0.08,0.15,0.22,0.24,0.15,0.08,0.02,0.01,0.2,0.3,0.3,0.2
6326,青海省,果洛藏族自治州-6326,中国,59900,青海省,1412914089,0.5087420439235397,0.4912579560764603,0,0,0,1,0,0,0.031887238828432404,0.052115974759736436,0.06403400865231233,0.06080903762578306,0.05559953263372123,0.05771750429477103,0.06559282529739145,0.0863331018847247,0.07464933064306077,0.06544290464641266,0.0773024813400385,0.08383282460141142,0.07338070503167018,0.04659029272373545,0.047475708907026126,0.029998295246668746,0.015810195519962714,0.011428037363140768,0.02,0.03,0.08,0.15,0.22,0.24,0.15,0.08,0.02,0.01,0.2,0.3,0.3,0.2
6327,青海省,玉树藏族自治州-6327,中国,141308,青海省,1412914089,0.5087420439235397,0.4912579560764603,0,0,0,1,0,0,0.031887238828432404,0.052115974759736436,0.06403400865231233,0.06080903762578306,0.05559953263372123,0.05771750429477103,0.06559282529739145,0.0863331018847247,0.07464933064306077,0.06544290464641266,0.0773024813400385,0.08383282460141142,0.07338070503167018,0.04659029272373545,0.047475708907026126,0.029998295246668746,0.015810195519962714,0.011428037363140768,0.02,0.03,0.08,0.15,0.22,0.24,0.15,0.08,0.02,0.01,0.2,0.3,0.3,0.2
6328,青海省,海西蒙古族藏族自治州-6328,中国,27000,青海省,1412914089,0.5087420439235397,0.4912579560764603,0,0,0,1,0,0,0.031887238828432404,0.052115974759736436,0.06403400865231233,0.06080903762578306,0.05559953263372123,0.05771750429477103,0.06559282529739145,0.0863331018847247,0.07464933064306077,0.06544290464641266,0.0773024813400385,0.08383282460141142,0.07338070503167018,0.04659029272373545,0.047475708907026126,0.029998295246668746,0.015810195519962714,0.011428037363140768,0.02,0.03,0.08,0.15,0.22,0.24,0.15,0.08,0.02,0.01,0.2,0.3,0.3,0.2
6401,宁夏回族自治区,银川市-6401,中国,2859074,宁夏回族自治区,1412914089,0.5087420439235397,0.4912579560764603,0,0,0,1,0,0,0.031887238828432404,0.052115974759736436,0.06403400865231233,0.06080903762578306,0.05559953263372123,0.05771750429477103,0.06559282529739145,0.0863331018847247,0.07464933064306077,0.06544290464641266,0.0773024813400385,0.08383282460141142,0.07338070503167018,0.04659029272373545,0.047475708907026126,0.029998295246668746,0.015810195519962714,0.011428037363140768,0.02,0.03,0.08,0.15,0.22,0.24,0.15,0.08,0.02,0.01,0.2,0.3,0.3,0.2
6402,宁夏回族自治区,石嘴山市-6402,中国,739400,宁夏回族自治区,1412914089,0.5087420439235397,0.4912579560764603,0,0,0,1,0,0,0.031887238828432404,0.052115974759736436,0.06403400865231233,0.06080903762578306,0.05559953263372123,0.05771750429477103,0.06559282529739145,0.0863331018847247,0.07464933064306077,0.06544290464641266,0.0773024813400385,0.08383282460141142,0.07338070503167018,0.04659029272373545,0.047475708907026126,0.029998295246668746,0.015810195519962714,0.011428037363140768,0.02,0.03,0.08,0.15,0.22,0.24,0.15,0.08,0.02,0.01,0.2,0.3,0.3,0.2
6403,宁夏回族自治区,吴忠市-6403,中国,7202654,宁夏回族自治区,1412914089,0.5087420439235397,0.4912579560764603,0,0,0,1,0,0,0.031887238828432404,0.052115974759736436,0.06403400865231233,0.06080903762578306,0.05559953263372123,0.05771750429477103,0.06559282529739145,0.0863331018847247,0.07464933064306077,0.06544290464641266,0.0773024813400385,0.08383282460141142,0.07338070503167018,0.04659029272373545,0.047475708907026126,0.029998295246668746,0.015810195519962714,0.011428037363140768,0.02,0.03,0.08,0.15,0.22,0.24,0.15,0.08,0.02,0.01,0.2,0.3,0.3,0.2
6404,宁夏回族自治区,固原市-6404,中国,411854,宁夏回族自治区,1412914089,0.5087420439235397,0.4912579560764603,0,0,0,1,0,0,0.031887238828432404,0.052115974759736436,0.06403400865231233,0.06080903762578306,0.05559953263372123,0.05771750429477103,0.06559282529739145,0.0863331018847247,0.07464933064306077,0.06544290464641266,0.0773024813400385,0.08383282460141142,0.07338070503167018,0.04659029272373545,0.047475708907026126,0.029998295246668746,0.015810195519962714,0.011428037363140768,0.02,0.03,0.08,0.15,0.22,0.24,0.15,0.08,0.02,0.01,0.2,0.3,0.3,0.2
6405,宁夏回族自治区,中卫市-6405,中国,1174600,宁夏回族自治区,1412914089,0.5087420439235397,0.4912579560764603,0,0,0,1,0,0,0.031887238828432404,0.052115974759736436,0.06403400865231233,0.06080903762578306,0.05559953263372123,0.05771750429477103,0.06559282529739145,0.0863331018847247,0.07464933064306077,0.06544290464641266,0.0773024813400385,0.08383282460141142,0.07338070503167018,0.04659029272373545,0.047475708907026126,0.029998295246668746,0.015810195519962714,0.011428037363140768,0.02,0.03,0.08,0.15,0.22,0.24,0.15,0.08,0.02,0.01,0.2,0.3,0.3,0.2
6501,新疆维吾尔自治区,乌鲁木齐市-6501,中国,4054000,新疆维吾尔自治区,1412914089,0.5087420439235397,0.4912579560764603,0,0,0,1,0,0,0.031887238828432404,0.052115974759736436,0.06403400865231233,0.06080903762578306,0.05559953263372123,0.05771750429477103,0.06559282529739145,0.0863331018847247,0.07464933064306077,0.06544290464641266,0.0773024813400385,0.08383282460141142,0.07338070503167018,0.04659029272373545,0.047475708907026126,0.029998295246668746,0.015810195519962714,0.011428037363140768,0.02,0.03,0.08,0.15,0.22,0.24,0.15,0.08,0.02,0.01,0.2,0.3,0.3,0.2
6502,新疆维吾尔自治区,克拉玛依市-6502,中国,261445,新疆维吾尔自治区,1412914089,0.5087420439235397,0.4912579560764603,0,0,0,1,0,0,0.031887238828432404,0.052115974759736436,0.06403400865231233,0.06080903762578306,0.05559953263372123,0.05771750429477103,0.06559282529739145,0.0863331018847247,0.07464933064306077,0.06544290464641266,0.0773024813400385,0.08383282460141142,0.07338070503167018,0.04659029272373545,0.047475708907026126,0.029998295246668746,0.015810195519962714,0.011428037363140768,0.02,0.03,0.08,0.15,0.22,0.24,0.15,0.08,0.02,0.01,0.2,0.3,0.3,0.2
6505,新疆维吾尔自治区,哈密市-6505,中国,673383,新疆维吾尔自治区,1412914089,0.5087420439235397,0.4912579560764603,0,0,0,1,0,0,0.031887238828432404,0.052115974759736436,0.06403400865231233,0.06080903762578306,0.05559953263372123,0.05771750429477103,0.06559282529739145,0.0863331018847247,0.07464933064306077,0.06544290464641266,0.0773024813400385,0.08383282460141142,0.07338070503167018,0.04659029272373545,0.047475708907026126,0.029998295246668746,0.015810195519962714,0.011428037363140768,0.02,0.03,0.08,0.15,0.22,0.24,0.15,0.08,0.02,0.01,0.2,0.3,0.3,0.2
6523,新疆维吾尔自治区,昌吉回族自治州-6523,中国,198776,新疆维吾尔自治区,1412914089,0.5087420439235397,0.4912579560764603,0,0,0,1,0,0,0.031887238828432404,0.052115974759736436,0.06403400865231233,0.06080903762578306,0.05559953263372123,0.05771750429477103,0.06559282529739145,0.0863331018847247,0.07464933064306077,0.06544290464641266,0.0773024813400385,0.08383282460141142,0.07338070503167018,0.04659029272373545,0.047475708907026126,0.029998295246668746,0.015810195519962714,0.011428037363140768,0.02,0.03,0.08,0.15,0.22,0.24,0.15,0.08,0.02,0.01,0.2,0.3,0.3,0.2
6527,新疆维吾尔自治区,博尔塔拉蒙古自治州-6527,中国,235585,新疆维吾尔自治区,1412914089,0.5087420439235397,0.4912579560764603,0,0,0,1,0,0,0.031887238828432404,0.052115974759736436,0.06403400865231233,0.06080903762578306,0.05559953263372123,0.05771750429477103,0.06559282529739145,0.0863331018847247,0.07464933064306077,0.06544290464641266,0.0773024813400385,0.08383282460141142,0.07338070503167018,0.04659029272373545,0.047475708907026126,0.029998295246668746,0.015810195519962714,0.011428037363140768,0.02,0.03,0.08,0.15,0.22,0.24,0.15,0.08,0.02,0.01,0.2,0.3,0.3,0.2
6528,新疆维吾尔自治区,巴音郭楞蒙古自治州-6528,中国,549324,新疆维吾尔自治区,1412914089,0.5087420439235397,0.4912579560764603,0,0,0,1,0,0,0.031887238828432404,0.052115974759736436,0.06403400865231233,0.06080903762578306,0.05559953263372123,0.05771750429477103,0.06559282529739145,0.0863331018847247,0.07464933064306077,0.06544290464641266,0.0773024813400385,0.08383282460141142,0.07338070503167018,0.04659029272373545,0.047475708907026126,0.029998295246668746,0.015810195519962714,0.011428037363140768,0.02,0.03,0.08,0.15,0.22,0.24,0.15,0.08,0.02,0.01,0.2,0.3,0.3,0.2
6529,新疆维吾尔自治区,阿克苏地区-6529,中国,535657,新疆维吾尔自治区,1412914089,0.5087420439235397,0.4912579560764603,0,0,0,1,0,0,0.031887238828432404,0.052115974759736436,0.06403400865231233,0.06080903762578306,0.05559953263372123,0.05771750429477103,0.06559282529739145,0.0863331018847247,0.07464933064306077,0.06544290464641266,0.0773024813400385,0.08383282460141142,0.07338070503167018,0.04659029272373545,0.047475708907026126,0.029998295246668746,0.015810195519962714,0.011428037363140768,0.02,0.03,0.08,0.15,0.22,0.24,0.15,0.08,0.02,0.01,0.2,0.3,0.3,0.2
6530,新疆维吾尔自治区,克孜勒苏柯尔克孜自治州-6530,中国,285000,新疆维吾尔自治区,1412914089,0.5087420439235397,0.4912579560764603,0,0,0,1,0,0,0.031887238828432404,0.052115974759736436,0.06403400865231233,0.06080903762578306,0.05559953263372123,0.05771750429477103,0.06559282529739145,0.0863331018847247,0.07464933064306077,0.06544290464641266,0.0773024813400385,0.08383282460141142,0.07338070503167018,0.04659029272373545,0.047475708907026126,0.029998295246668746,0.015810195519962714,0.011428037363140768,0.02,0.03,0.08,0.15,0.22,0.24,0.15,0.08,0.02,0.01,0.2,0.3,0.3,0.2
6531,新疆维吾尔自治区,喀什地区-6531,中国,506640,新疆维吾尔自治区,1412914089,0.5087420439235397,0.4912579560764603,0,0,0,1,0,0,0.031887238828432404,0.052115974759736436,0.06403400865231233,0.06080903762578306,0.05559953263372123,0.05771750429477103,0.06559282529739145,0.0863331018847247,0.07464933064306077,0.06544290464641266,0.0773024813400385,0.08383282460141142,0.07338070503167018,0.04659029272373545,0.047475708907026126,0.029998295246668746,0.015810195519962714,0.011428037363140768,0.02,0.03,0.08,0.15,0.22,0.24,0.15,0.08,0.02,0.01,0.2,0.3,0.3,0.2
6532,新疆维吾尔自治区,和田地区-6532,中国,408894,新疆维吾尔自治区,1412914089,0.5087420439235397,0.4912579560764603,0,0,0,1,0,0,0.031887238828432404,0.052115974759736436,0.06403400865231233,0.06080903762578306,0.05559953263372123,0.05771750429477103,0.06559282529739145,0.0863331018847247,0.07464933064306077,0.06544290464641266,0.0773024813400385,0.08383282460141142,0.07338070503167018,0.04659029272373545,0.047475708907026126,0.029998295246668746,0.015810195519962714,0.011428037363140768,0.02,0.03,0.08,0.15,0.22,0.24,0.15,0.08,0.02,0.01,0.2,0.3,0.3,0.2
6540,新疆维吾尔自治区,伊犁哈萨克自治州-6540,中国,360000,新疆维吾尔自治区,1412914089,0.5087420439235397,0.4912579560764603,0,0,0,1,0,0,0.031887238828432404,0.052115974759736436,0.06403400865231233,0.06080903762578306,0.05559953263372123,0.05771750429477103,0.06559282529739145,0.0863331018847247,0.07464933064306077,0.06544290464641266,0.0773024813400385,0.08383282460141142,0.07338070503167018,0.04659029272373545,0.047475708907026126,0.029998295246668746,0.015810195519962714,0.011428037363140768,0.02,0.03,0.08,0.15,0.22,0.24,0.15,0.08,0.02,0.01,0.2,0.3,0.3,0.2
6542,新疆维吾尔自治区,塔城地区-6542,中国,161037,新疆维吾尔自治区,1412914089,0.5087420439235397,0.4912579560764603,0,0,0,1,0,0,0.031887238828432404,0.052115974759736436,0.06403400865231233,0.06080903762578306,0.05559953263372123,0.05771750429477103,0.06559282529739145,0.0863331018847247,0.07464933064306077,0.06544290464641266,0.0773024813400385,0.08383282460141142,0.07338070503167018,0.04659029272373545,0.047475708907026126,0.029998295246668746,0.015810195519962714,0.011428037363140768,0.02,0.03,0.08,0.15,0.22,0.24,0.15,0.08,0.02,0.01,0.2,0.3,0.3,0.2
6543,新疆维吾尔自治区,阿勒泰地区-6543,中国,190064,新疆维吾尔自治区,1412914089,0.5087420439235397,0.4912579560764603,0,0,0,1,0,0,0.031887238828432404,0.052115974759736436,0.06403400865231233,0.06080903762578306,0.05559953263372123,0.05771750429477103,0.06559282529739145,0.0863331018847247,0.07464933064306077,0.06544290464641266,0.0773024813400385,0.08383282460141142,0.07338070503167018,0.04659029272373545,0.047475708907026126,0.029998295246668746,0.015810195519962714,0.011428037363140768,0.02,0.03,0.08,0.15,0.22,0.24,0.15,0.08,0.02,0.01,0.2,0.3,0.3,0.2
